community_id,author_id,Country
1,1232,China
1,5490,United States
1,5491,United States
1,5815,United States
1,5977,United States
1,5978,United States
1,6193,United States
1,6195,United States
1,6221,United States
2,12,United States
2,2219,United States
2,2220,United States
2,2221,United States
2,2222,United States
2,2223,United States
3,6148,South Korea
3,15188,Bangladesh
3,15200,South Korea
3,15316,Australia
3,15493,South Korea
4,1361,China
4,4425,United States
4,19279,United States
4,19280,Germany
5,6704,India
5,12474,India
5,12475,India
5,12476,India
6,8009,United States
6,8019,United States
6,8135,United States
6,8191,United States
7,17028,United States
7,17029,Germany
7,17046,Germany
7,17047,Germany
8,4919,South Korea
8,7943,South Korea
8,9407,South Korea
9,6691,Sweden
9,6724,Italy
9,6742,Italy
10,7193,United States
10,7194,Italy
10,7195,Italy
11,9066,United States
11,9070,United Kingdom
11,9071,United Kingdom
12,13528,Argentina
12,13538,Argentina
12,13561,Argentina
13,19634,Germany
13,19661,South Korea
13,19662,Japan
14,1,United States
14,2,United States
15,18,China
15,1942,China
16,2898,Germany
16,2915,Germany
17,2926,China
17,19105,China
18,5063,Austria
18,5064,Austria
19,5484,United States
19,5608,United States
20,5494,
20,13730,France
21,8887,India
21,8903,Brazil
22,8955,Netherlands
22,8960,United States
23,9405,South Korea
23,9406,South Korea
24,11219,"Hong Kong SAR, China"
24,11220,"Hong Kong SAR, China"
25,13765,United Kingdom
25,14721,Belgium
26,15201,Ethiopia
26,15623,South Korea
27,18074,
27,18075,South Korea
28,18478,India
28,18501,India
29,18836,United States
29,18837,United States
30,20289,South Korea
30,20291,South Korea
