community_id,author_id,Affiliation
1,1232,Tsinghua University
1,5490,"School of Nursing, University of Maryland Baltimore, 655 W Lombard St. Baltimore, MD 21201, USA"
1,5491,"School of Nursing, University of Maryland Baltimore, Baltimore, Maryland, USA"
1,5815,"University of Maryland, Baltimore"
1,5977,Penn State University
1,5978,Penn State University
1,6193,"St. Louis University, St. Louis, MO, USA"
1,6195,"Professor of Neurology, University of Miami Miller School of Medicine"
1,6221,Penn State Ross and Carol Nese College of Nursing
2,12,Case Western Reserve University
2,2219,"Kyocera Professor, Case Western Reserve University, Case School of Engineering, Materials Science"
2,2220,Case Western Reserve University
2,2221,"Climo Associate Professor, Case Western Reserve University, Case School of Engineering, Materials"
2,2222,Case Western Reserve University
2,2223,Case Western Reserve University
3,6148,"Department of Bio-Systems Engineering, Institute of Smart Farm, Gyeongsang National University,\nJinju 52828, Republic of Korea;"
3,15188,"Associate professor, Department of Environmental Science and Disaster Management, Noakhali Science"
3,15200,"Research Assistant, Smart Farm Systems Lab., Gyeongsang National University"
3,15316,Federation University
3,15493,"Department of Bio-Systems Engineering, Institute of Smart Farm, Gyeongsang National University, Jinju 52828, Korea"
4,1361,Bytedance
4,4425,Johns Hopkins University
4,19279,"Professor of Cognitive Science and Computer Science, Johns Hopkins University"
4,19280,"Research Group Leader, University of Freiburg and Max Planck Institute for Informatics"
5,6704,"Associate Professor, Endocrinology, All India Institute of Medical Sciences, Kalyani"
5,12474,JIPMER
5,12475,"Professor of Endocrinology, JIPMER"
5,12476,"Assistant professor at Pimpri Chinchwad College of Engineering, Pune"
6,8009,"Researcher, Icahn School of Medicine at Mount Sinai"
6,8019,"Department of Psychiatry, Icahn School of Medicine at Mount Sinai, New York, NY, USA\nNash Family Department of Neuroscience, Icahn School of Medicine at Mount Sinai, New York, NY, USA"
6,8135,"Department of Psychiatry, Icahn School of Medicine at Mount Sinai"
6,8191,Icahn School of Medicine at Mount Sinai
7,17028,Heidelberg University
7,17029,Asklepios Klinik Altona
7,17046,"Fifth Department of Medicine, University Hospital Mannheim, Heidelberg University, Mannheim, Germany\nDivision of Personalized Oncology, University Hospital Mannheim, Heidelberg University, Mannheim, Germany\nTUM School of Management, Technical University of Munich, Munich, Germany"
7,17047,"Fifth Department of Medicine, University Hospital Mannheim, Heidelberg University, Mannheim, Germany\nDivision of Personalized Oncology, University Hospital Mannheim, Heidelberg University, Mannheim, Germany\nDivision of Personalized Medical Oncology, German Cancer Research Center (DKFZ), Heidelberg, Germany"
8,4919,"Assistant Professor, Hanbat National University"
8,7943,KAIST
8,9407,"Department of Energy Science, Sungkyunkwan University (SKKU)"
9,6691,AstraZeneca
9,6724,Istituto Italiano di Tecnologia
9,6742,"Laboratory of Molecular Modelling & Drug Discovery, Istituto Italiano di Tecnologia, Via Morego 30, Genoa 16163, Italy"
10,7193,Amazon
10,7194,Politecnico di Torino
10,7195,"DAUIN, Politecnico di Torino"
11,9066,Research Associate
11,9070,University of the West of England
11,9071,"Senior Fellow, University of Birmingham"
12,13528,Universidad de Buenos Aires
12,13538,"Facultad de Ciencias Exactas y Naturales, Departamento de Ciencias Geológicas, Universidad de Buenos Aires, Ciudad Universitaria Pabellón 2, C1428EGA Buenos Aires, Argentina\nInstituto de Geociencias Básicas, Aplicadas y Ambientales de Buenos Aires (IGeBA), CONICET-Universidad de Buenos Aires, Ciudad Universitaria Pabellón 2, C1428EGA Buenos Aires, Argentina"
12,13561,University of Buenos Aires
13,19634,"Neuro-Information Technology, Otto von Guericke University, Magdeburg"
13,19661,Assoc.Lecturer & Researcher
13,19662,Professor of Neuro-Information Technology (NIT)
14,1,University of Rochester
14,2,"Albert Arendt Hopeman Professor of Engineering, University of Rochester"
15,18,Fudan University
15,1942,"School of Data Science, Fudan University, China. Research Institute of Intelligent and Complex Systems, Fudan University, China"
16,2898,Ruhr University Bochum
16,2915,"Ruhr University Bochum, Germany"
17,2926,"Institute of Computing Technology, Chinese Academy of Sciences"
17,19105,"Associate Professor, Institute of Computing Technology, Chinese Academy of Sciences"
18,5063,TU Wien
18,5064,"Professor, Head of Algorithms and Complexity Group, TU Wien, Vienna, Austria"
19,5484,University of Maryland
19,5608,"Johns Hopkins University School of Nursing, Baltimore, Maryland, USA\n\nDepartment of Health Policy and Management, Johns Hopkins Bloomberg School of Public Health, Baltimore, Maryland, USA"
20,5494,Unaffiliated
20,13730,"Full Professor, INEX Chair of Neuroscience and Robotics, ETIS Lab, CY Cergy Paris University, France"
21,8887,"PhD Candidate, Nova School of Science and Technology, Physics Department"
21,8903,"Full Professor, Faculdade de Ciências e Tecnologia, Universidade Nova de Lisboa"
22,8955,The Dow Chemical Company
22,8960,"Artie McFerrin Department of Chemical Engineering,, Texas A&M University,College Station, TX 77843-3122, USA."
23,9405,"Department of Physics, Yonsei University"
23,9406,"Department of Physics, Yonsei University, Korea"
24,11219,PhD | The Hong Kong Polytechnic University; Huanggang Normal University
24,11220,"Professor of Language and Literacy Education, Hong Kong Polytechnic University"
25,13765,Research Scientist
25,14721,Vrije Universiteit Brussel and imec
26,15201,"Department of Bio-systems Engineering, Gyeongsang National University (Institute of Smart Farm), Jinju, 52828, Republic of Korea, \nMinistry of Communication and Information Technology, Singhadurbar, Kathmandu 44600, Nepal"
26,15623,"Department of Biosystems Engineering, Gyeongsang National University (Institute of Agriculture & Life Science), Jinju, 52828, South Korea"
27,18074,M.S./Ph.D. student at Korea Advanced Institute of Science and Technology (KAIST)
27,18075,"Associate Professor, KAIST"
28,18478,Ph.D. Scholar - Indian Institute of Science
28,18501,"Indian Institute of Science, Bangalore\nKarnataka, India. Vision and AI Lab, IISc Bangalore"
29,18836,"University of Tennessee, Knoxville"
29,18837,"EEB, Math, Univ. of Tennessee, Knoxville"
30,20289,"School of Intelligent Mechatronics Engineering, Sejong University"
30,20291,"Sejong University, Seoul, South Korea"
