id,name,gs_a_id,affiliations,country
1,Hanjia Lyu,tPhwyYsAAAAJ,University of Rochester,United States
2,"Jiebo Luo, Fellow of NAI/ACM/AAAI/IE...",CcbnBvgAAAAJ,"Albert Arendt Hopeman Professor of Engineering, University of Rochester",United States
3,Yu Wang,YGNgQSgAAAAJ,Apple Inc.,United States
4,Long Chen,UB7WWCwAAAAJ,New York University,United States
5,Yubao Liu,XJ-Z9hEAAAAJ,University of Rochester,United States
6,Yipeng Zhang,PRPNap8AAAAJ,Mila,Canada
7,Junda Wang,3ZhGCvkAAAAJ,University of Massachusetts Amherst,United States
8,Ziyu Xiong,HJswjmUAAAAJ,University of Rochester,United States
9,Jinsheng Pan,zUWKW5AAAAAJ,University of Rochester,United States
10,Timothy De Ver Dye,vJlpUZEAAAAJ,University of Rochester,United States
11,Zhongyu Wei (魏忠钰),AjLDxxgAAAAJ,"Associate Professor at School of Data Science, Fudan University",China
12,Yangxin Fan,93z-sKsAAAAJ,Case Western Reserve University,United States
13,Weihong Qi,cyyYHHEAAAAJ,"Indiana University, Bloomington",United States
14,Yinglong Xia,Q431TxsAAAAJ,Facebook,United States
15,Hanqing Zeng,ubUx3R0AAAAJ,Meta; Ph.D. in computer engineering,United States
17,Viet Duong,LKnIVZ0AAAAJ,College of William & Mary,United States
18,Xinyi Mou,nMkkDWYAAAAJ,Fudan University,China
19,Xian Xu,NS6Z4hgAAAAJ,Fudan University,China
20,Mayya Komisarchik,-dsctoYAAAAJ,"Assistant Professor of Political Science, University of Rochester",United States
21,Daoan Zhang,yeLdvGoAAAAJ,"PhD Student, University of Rochester",United States
41,Y Li,plCD9wwAAAAJ,"Sun Yat-sen University | The Chinese University of Hong Kong, MMLab",China
55,J Zhang,QmOTS1gAAAAJ,"Data Scientist, Cirium",United Kingdom
77,Y Liu,yRAHVcgAAAAJ,The Hong Kong University of Science and Technology (HKUST),"Hong Kong SAR, China"
458,Y Yu,DRjCYZIAAAAJ,Beijing University of Chemical Technology,China
606,Y Ma,DIsP7rUAAAAJ,"Assistant Professor, School of Information Science and Technology, ShanghaiTech University",China
905,João Rodrigues,SRWyMBIAAAAJ,Researcher @ TEG-INL,United States
944,X Wang,3h57-9EAAAAJ,Renmin University of China,China
1013,K Lee,vF2nhE8AAAAJ,Yonsei university,South Korea
1130,Y Wang,JmEBaccAAAAJ,Shanghai Jiao Tong University,China
1160,H Li,BpXGII0AAAAJ,MEGVII Technology,China
1232,S Zhu,BE7NiFcAAAAJ,Tsinghua University,China
1269,Z Dong,DZsF2oIAAAAJ,Wuhan University,China
1276,J Liang,xNxlvjEAAAAJ,"MEGVII, Kuaishou",China
1361,A Wang,YR7re-cAAAAJ,Bytedance,China
1374,Kaixin Ni,T1w7OIQAAAAJ,Technical Staff,United States
1928,Nayeon Kim,j7sy8yQAAAAJ,"PhD Student, Arizona State University",United States
1929,A Mosallanezhad,VhIcQFcAAAAJ,NVIDIA,United States
1966,J Park,YkWIhBcAAAAJ,"Associate Professor, Department of Integrated Display Engineering, Yonsei University",South Korea
2007,R Ji,QgR6HxUAAAAJ,Megvii,China
2219,Roger H. French,GPYykhcAAAAJ,"Kyocera Professor, Case Western Reserve University, Case School of Engineering, Materials Science",United States
2220,Yinghui Wu,9u7wNjUAAAAJ,Case Western Reserve University,United States
2221,Laura S. Bruckman,pprRvt0AAAAJ,"Climo Associate Professor, Case Western Reserve University, Case School of Engineering, Materials",United States
2222,Xuanji Yu,dlPflWEAAAAJ,Case Western Reserve University,United States
2223,Raymond Wieser,5gMR4VkAAAAJ,Case Western Reserve University,United States
2245,Jennifer Braid,lfKeDEMAAAAJ,"Principal Member of Technical Staff, Sandia National Laboratories",United States
2275,BG Pierce,4r-EFtYAAAAJ,"Sandia National Labs, Case Western Reserve University",United States
2305,Xuanjing Huang,RGsMgZA4H78C,"School of Computer Science, Fudan University, China",Poland
2433,Zeyan Liu,sZTAgrwAAAAJ,University of Kansas,United States
2434,Fengjun Li,OrkVjT4AAAAJ,University of Kansas,United States
2435,Bo Luo,roY9L1oAAAAJ,"Professor, The University of Kansas",United States
2436,Zhu Li,OMxvD0wAAAAJ,"University of Missouri, Kansas City",United States
2437,Jingqiang Lin,UimjP5sAAAAJ,"Professor, University of Science and Technology of China",China
2460,J He,NyTPm_zUV_kC,"Research Scientist, ByteDance / TikTok",
2595,Jinsong Su,w6qCk3sAAAAJ,Xiamen University,China
2596,Linfeng Song,yWZdmLYAAAAJ,Tencent AI Lab,China
2597,Yang Feng,sIAxgd0AAAAJ,Google,Israel
2617,X Gu,gdn245QAAAAJ,Icahn School of Medicine at Mount Sinai,United States
2663,C Li,ltW2JMcAAAAJ,"Professor, Department of Electronic Engineering, Shanghai Jiao Tong University",China
2720,Somayeh Abdolalipour,dlO9shgAAAAJ,PhD in Midwifery. Tabriz University of Medical Sciences,Iran
2898,Nicolás Montesdeoca,IrQb2H0AAAAJ,Ruhr University Bochum,Germany
2899,Jordi Garcia,X5XUC6QAAAAJ,"Profesor de Química Orgánica, Universidad de Barcelona",Spain
2900,Laura Herrero,SC8hU8IAAAAJ,"Associate Professor, IBUB, University of Barcelona, CIBEROBN",Spain
2903,Haihua Xiao,WaO9knEAAAAJ,"Beijing National Laboratory for Molecular Sciences, Key Laboratory of Polymer Physics and Chemistry, Institute of Chemistry, Chinese Academy of Sciences, 100190, Beijing, P. R. China\nUniversity of Chinese Academy of Sciences Beijing, 100049, Beijing, P. R. China",China
2904,G Gasser,mFmyscAAAAAJ,"Chimie ParisTech, PSL University, CNRS, Institute of Chemistry of Life and Health Sciences",France
2915,Johannes Karges,MgcWgrQAAAAJ,"Ruhr University Bochum, Germany",Germany
2926,S Jiang,4Rvn-ykAAAAJ,"Institute of Computing Technology, Chinese Academy of Sciences",China
3116,P Wang,Svk4ntYAAAAJ,"University of California, Los Angeles / Bytedance, Inc",
3189,Ganghao Liang,A0vmPfoAAAAJ,"Institute of Chemistry, Chinese Academy Sciences",China
4098,H Reza,0Fwpr88AAAAJ,Professor of Software Engineering at University of North Dakota,United States
4137,jagrit grover,6zDT1DMAAAAJ,"Research scholar, IIT Bombay",India
4138,Debabrata Maiti,FKwzr1wAAAAJ,IIT Bombay,India
4139,Gaurav Prakash,G-bkeu4AAAAJ,University of Texas at Dallas,United States
4140,Teja Chitrala,eMC1x1oAAAAJ,Indian Institute of Technology Bombay,India
4141,Subir Panja,NuTcl2MAAAAJ,"Postdoctoral Fellow, UW-Madison",United States
4142,PARTHA SARATHI HAZRA,0tIHG1AAAAAJ,Graduate student Indiana university Bloomington,United States
4143,Xinglong Zhang,3XhNj60AAAAJ,"Institute of High Performance Computing (IHPC), A*STAR",Singapore
4144,Sandeep Y Pimparkar,Pfo3npsAAAAJ,"Yeungnam University, Republic of Korea.",South Korea
4160,Goutam Kumar Lahiri,O5IGWgcAAAAJ,"Professor of Inorganic Chemistry, Indian Institute of Technology",Slovak Republic
4425,W Ma,mYkvHdIAAAAJ,Johns Hopkins University,United States
4501,"Prof. F. Nawaz Khan, FRSC (London)",-Ab_ExcAAAAJ,Vellore Institute of Technology,India
4584,W Qiu,9_AUwFUAAAAJ,"Researcher, Huawei",China
4919,S Lee,HaZWX-AAAAAJ,"Assistant Professor, Hanbat National University",South Korea
5063,André Schidler,24i4oV0AAAAJ,TU Wien,Austria
5064,Stefan Szeider,lJYKhNIAAAAJ,"Professor, Head of Algorithms and Complexity Group, TU Wien, Vienna, Austria",Austria
5065,Robert Ganian,nNem5xIAAAAJ,TU Wien,Austria
5066,Markus Hecher,g5WUgFoAAAAJ,MIT,Philippines
5067,Johannes K. Fichte,-yhf134AAAAJ,Linköping University,Sweden
5068,Norbert Manthey,9nS523QAAAAJ,TU Dresden,Germany
5069,Julian Stecklina,jnXyw9YAAAAJ,Engineer at Cyberus Technology,Poland
5070,Sebastian Ordyniak,CkB7r4MAAAAJ,University of Leeds,United Kingdom
5071,Manuel Sorge,odpegw0AAAAJ,TU Wien,Austria
5356,Lauren Jenner,illsAVIAAAAJ,University of South Carolina,United States
5365,Joanna Moss,vQvUHm4AAAAJ,University of Surrey,United Kingdom
5414,Jonathan E Prunty,ubmJ2nsAAAAJ,"Research Associate, University of Cambridge",United Kingdom
5415,Jolie R Keemink,3IGIwwoAAAAJ,"Research Fellow, Centre for Health Services Studies, University of Kent",Portugal
5416,David J Kelly,SEIjuIYAAAAJ,University of Kent,United Kingdom
5484,Brittany F Drazich,3ld3UM0AAAAJ,University of Maryland,United States
5494,I Khan,exLEmtMAAAAJ,Unaffiliated,
5515,Ananth N Ramaseri-Chandra,ezIu3RQAAAAJ,"Ph.D. (ABD), School of Electrical Engineering and Computer Science, University of North Dakota",United States
5620,Janiece L Taylor,nQqb_foAAAAJ,Johns Hopkins School of Nursing,United States
5815,R McPherson,YHk9UyIAAAAJ,"University of Maryland, Baltimore",United States
5977,Marie Boltz,YdIxZhwAAAAJ,Penn State University,United States
5978,A Kuzmik,gGd5yFMAAAAJ,Penn State University,United States
6004,Sam Park,kW1_k1UAAAAJ,Taejae University,Japan
6195,James E Galvin,GFDRo1QAAAAJ,"Professor of Neurology, University of Miami Miller School of Medicine",United States
6220,Sarah Holmes,CA6-QgYAAAAJ,"Assistant Professor, University of Maryland School of Nursing",Ghana
6221,A Paudel,NB07lLEAAAAJ,Penn State Ross and Carol Nese College of Nursing,United States
6250,Fatima EL JAMIY,b56aZ3cAAAAJ,University Of North Dakota,United States
6251,Prasad Pothana,Q_qATR4AAAAJ,Ph.D. (ABD),Israel
6252,Mahdi Saeedi (Formerly Saeedi Velas...,yM8ClooAAAAJ,Exploring Machine Learning,Switzerland
6253,William Valentine,oxcefAkAAAAJ,"PhD Student in Computer Science, University of North Dakota",United States
6254,vasanth gokapai,qJIrnJEAAAAJ,University of North Dakota,United States
6256,P Ranganathan,gw9qhU4AAAAJ,"Associate Professor, IEEE Senior Member, Director for Center for Cyber Security Research, School of",Netherlands
6617,Madelyn H Smith,Ox1dvG4AAAAJ,Loyola University,Spain
6691,Jacopo Manigrasso,02SP1BAAAAAJ,AstraZeneca,Sweden
6704,A Roy,gG7v-QoAAAAJ,"Associate Professor, Endocrinology, All India Institute of Medical Sciences, Kalyani",India
6723,Marco Marcia,EPE4vWIAAAAJ,EMBL Grenoble,Germany
6724,Marco De Vivo,vqV8YvMAAAAJ,Istituto Italiano di Tecnologia,Italy
6789,M Recanatini,iUnyuVEAAAAJ,"Retired Professor of Medicinal Chemistry, University of Bologna",Spain
6790,M Masetti,mPKdl8QAAAAJ,"Dipartimento di Farmacia e Biotecnologie, Alma Mater Studiorum - Università di Bologna",Italy
6867,Giulia Palermo,A7bKtNEAAAAJ,"Professor, University of California Riverside",United States
7157,Hyo Jin Kim,rCw-l7oAAAAJ,"Reality Labs Research, Meta",United States
7158,Jan-Michael Frahm,nzz6PQMAAAAJ,"Professor, Computer Science, University of North Carolina at Chapel Hill",United States
7159,Enrique Dunn,Z3URuHUAAAAJ,Stevens Institute of Technology,United States
7160,Tianwei Shen,XSggp6QAAAAJ,Meta Reality Labs,United States
7161,Eddy Ilg,MYvSvGsAAAAJ,Professor at the University of Technology Nuremberg,Germany
7162,Vasileios Balntas,AGoNHcsAAAAJ,University of Oxford,United Kingdom
7163,Chris Sweeney,h-CpQGgAAAAJ,"Research Scientist, Meta Reality Labs",United States
7164,Armin Alaghi,USWXJqcAAAAJ,University of Washington,United States
7165,Vincent T. Lee,_heZbNgAAAAJ,Reality Labs Research,United States
7166,Brandon Reagen,cO2uYoAAAAAJ,"Assistant Professor, New York University",United States
7167,Daniel DeTone,FrQGs28AAAAJ,Research Scientist at Meta Reality Labs,United States
7168,Richard Newcombe,MhowvPkAAAAJ,"VP, Research Science at Reality Labs Research",Egypt
7169,Lingni Ma,eUAgpwkAAAAJ,Meta Reality Labs Research,United States
7170,Yuting Ye,Zxb8sdkAAAAJ,"Research Scientist, Reality Labs Research @ Meta",Egypt
7171,Ziwei Liu,lc45xlcAAAAJ,"Associate Professor, Nanyang Technological University",Singapore
7172,Tony Ng,P4S4IokAAAAJ,"PhD Candidate, Imperial College London",United Kingdom
7173,Krystian Mikolajczyk,s1IAWfgAAAAJ,"Professor, Imperial College London",United Kingdom
7174,Kyoung Mu Lee,xnOKRZ4AAAAJ,"Professor, Department of Electrical and Computer Engineering, Seoul National University",United States
7175,Sungyong Baik,lQ4gotkAAAAJ,Hanyang University,South Korea
7193,G Berton,pc_rMSMAAAAJ,Amazon,United States
7194,C Masone,cM3Iz_4AAAAJ,Politecnico di Torino,Italy
7195,B Caputo,mHbdIAwAAAAJ,"DAUIN, Politecnico di Torino",Italy
7196,G Trivigno,JXf_iToAAAAJ,"PhD student, Polytechnic of Turin",Italy
7199,T Sattler,jzx6_ZIAAAAJ,"Senior Researcher, Czech Technical University in Prague",Czechia
7210,R Mereu,UVziXI0AAAAJ,Aalto University,Finland
7236,G Csurka,PXm1lPAAAAAJ,Principal Scientist at Naver Labs Europe,France
7251,A Stoken,b_YvueoAAAAJ,"Data scientist, Amentum JETS II / NASA Earth Science and Remote Sensing Unit",
7272,T Weyand,US56Kw8AAAAJ,Google Reserach,Israel
7273,J Sim,UhnT9e4AAAAJ,Moloco,
7274,V Paolicelli,-PU95w0AAAAJ,Computer vision engineer @ Camlin group,Spain
7299,M Dutto,Pw2GUVgAAAAJ,"PhD Student, Politecnico di Milano - Politecnico di Torino",Italy
7300,D Caldarola,rX-VwlcAAAAJ,PhD student @ Stanford University & Politecnico di Torino,Italy
7324,R Zaccone,7gyywFsAAAAJ,PhD student in Computer and Control Engineering at Polytechnic of Turin,Italy
7346,A Tavera,oQfTuXMAAAAJ,Co-Founder and CEO @Focoos AI | PhD in Deep Learning @Politecnico di Torino | E-MBA @MIB Trieste,Italy
7373,M Teichmann,I-ztKQsAAAAJ,Siemens Healthineers,Germany
7485,F Montagna,StwghVgAAAAJ,PhD candidate,United States
7564,A Araujo,_ASUnDcAAAAJ,Google DeepMind,United Kingdom
7819,G Goletto,GQuNPg8AAAAJ,"PhD student, Polytechnic of Turin",Italy
7943,K Kim,1r7xoDEAAAAJ,KAIST,South Korea
8009,Matthew Heflin,RkyG1QMAAAAJ,"Researcher, Icahn School of Medicine at Mount Sinai",United States
8135,Vincenzo G Fiore,ZclQvS4AAAAJ,"Department of Psychiatry, Icahn School of Medicine at Mount Sinai",United States
8137,Dongil Chung,vqSJ1nsAAAAJ,UNIST,South Korea
8187,P Dayan,_30hSU8AAAAJ,MPI for Biological Cybernetics,Germany
8191,Soojung Na,DYy4dbYAAAAJ,Icahn School of Medicine at Mount Sinai,United States
8192,Sylvia Blackmore,OqiXsjUAAAAJ,Yale University,United States
8194,Sarah M Banker,lW-bT7AAAAAJ,"Postdoctoral Fellow, NYU Langone",United States
8205,Caroline McLaughlin,UCZgpjoAAAAJ,"PhD Candidate, Brown University",United States
8217,HY Seon,WsaBV5oAAAAJ,UNIST,South Korea
8220,Ofer Perl,AyCbvfQAAAAJ,"Assistant professor, Department of Cognitive Sciences, University of Haifa",Israel
8221,Kimia Ziafat,paAk4xcAAAAJ,"Faculty of Medicine, University of British Columbia",Canada
8231,M Moutoussis,yKcHW9cAAAAJ,"Clinical lecturer, Department of Imaging Neuroscience, UCL",United States
8273,KR Kulkarni,CG_21csAAAAJ,MD/PhD student at Icahn School of Medicine at Mount Sinai,
8280,LA Berner,W4oenXYAAAAJ,"Associate Professor, Icahn School of Medicine at Mount Sinai",United States
8389,Zachary Florentino Murguía Burton,X7FY3wUAAAAJ,"Assistant Professor of Earth Sciences, Montana State University",United States
8390,stephan a. graham,W0-tM5gAAAAJ,"Professor of Geological Sciences, Stanford University",United States
8391,Janice L Bishop,T-QqQNQAAAAJ,SETI Institute,United States
8392,Peter Englert,yqBExr8AAAAJ,University of Hawaii at Manoa,United States
8393,R. Sykes,8s1TW7wAAAAJ,GNS Science,New Zealand
8394,Allegra Hosford Scheirer,CfnwDC4AAAAJ,Stanford University,United States
8395,Jonathan Toner,abe2IPwAAAAJ,"Research Assistant Professor, University of Washington",Iran
8396,Yongkoo Seol,_UKerrEAAAAJ,National Energy Technology Laboratory,United States
8397,Xiangkun Elvis Cao,q7RPrPgAAAAJ,MIT TR35 | Schmidt Science Fellow | Forbes 30 Under 30,United States
8398,Jared T. Gooley,akWsqLYAAAAJ,U.S. Geological Survey,United States
8399,Karsten Friedrich Kroeger,73vrsRAAAAAJ,"Senior Scientist, GNS Science",New Zealand
8400,Merve Yesilbas,rI44qlMAAAAJ,Umeå University,Sweden
8401,Przemyslaw Dera,ahzkJqcAAAAJ,Hawaii Institute of Geophysics and Planetology,Russian Federation
8402,Anna Szynkiewicz,LlPdgrQAAAAJ,"Associate Professor, University of Tennessee",United States
8403,Tapan Mukerji,Qlp8y-oAAAAJ,Stanford University,United States
8404,Rosalba Bonaccorsi,cjFmw4UAAAAJ,"NASA Ames Research Center, Moffett Field, CA; SETI Institute, M. View, CA",Canada
8405,Erika Rader,NS9h4N8AAAAJ,University of Idaho,United States
8406,Alfred McEwen,hYWprsoAAAAJ,"Regents Professor of Planetary Science, University of Arizona",United States
8407,Everett Gibson,vcl7qe8AAAAJ,"Senior Emeritus Scientist, NASA Johnson Space Center",United States
8887,Phillip Probst,KhFbyIIAAAAJ,"PhD Candidate, Nova School of Science and Technology, Physics Department",India
8902,Catia Cepeda,Z3NrkoYAAAAJ,PhD NOVA School of Science and Technology,United States
8903,Hugo Gamboa,PI0mUk4AAAAJ,"Full Professor, Faculdade de Ciências e Tecnologia, Universidade Nova de Lisboa",Brazil
8909,N Mollaei,nYV-ddsAAAAJ,"Postdoctoral Scholar, Medicine Department, Northwestern University",United States
8918,Eduarda Oliosi,NgidUPYAAAAJ,Faculty of Sport of University of Porto (FADEUP),Portugal
8919,Luís Silva,nhel9lYAAAAJ,Universidad de Los Andes,Bolivia
8955,Mohammed Sadaf Monjur,paGbA2QAAAAJ,The Dow Chemical Company,Netherlands
8956,Faruque Hasan,XZ-arzQAAAAJ,"Associate Professor, Texas A&M Univerisity",United States
8957,Salih Emre Demirel,FOh_EP8AAAAJ,Dow Chemical Company,Netherlands
8958,Jianping Li,mLbsZxMAAAAJ,Argonne National Laboratory and University of Chicago,United States
8993,Ashfaq Iftakher,Zu_InkoAAAAJ,Texas A&M University,United States
9020,Chinmay M Aras,wjwDD34AAAAJ,"Graduate Student, Texas A&M University",United States
9066,Abby Gilsenan,ViP1SxIAAAAJ,Research Associate,United States
9069,Amy Adams,Z4X4TvsAAAAJ,The University of Birmingham,United Kingdom
9070,Kieran McCartan,YIKKZ_YAAAAJ,University of the West of England,United Kingdom
9071,Sophie King-Hill,yt32BB8AAAAJ,"Senior Fellow, University of Birmingham",United Kingdom
9082,Jonathan Beavis,pRzGMaYAAAAJ,"Trainee Clinical Psychologist, University of Hertfordshire",United Kingdom
9115,Dr Gillian W Shorter,7460oQUAAAAJ,"School of Psychology, Queen's University Belfast",United Kingdom
9116,Alex Stevens,JvsoLxEAAAAJ,University of Sheffield,United Kingdom
9117,Dr Willem J. Stander,uy9ASBAAAAAJ,"Research Fellow, University of Birmingham",United Kingdom
9118,Jason Schaub,-A1JlcUAAAAJ,"Professor of Social Care, University of Bristol",United Kingdom
9119,Paul Montgomery,cQLmn14AAAAJ,"Professor, School of Social Policy, University of Birmingham (UK)",United Kingdom
9120,Ann-Marie Towers,a6fQU8sAAAAJ,"Professor, HSCWRU, King's College London",United Kingdom
9200,Julien E Forder,Nr9h5fwAAAAJ,University of Kent,United Kingdom
9276,R Jenkins,uuvi4JIAAAAJ,University of York,United Kingdom
9277,R Qarooni,tK2GKXsAAAAJ,University of Edinburgh,United Kingdom
9405,Sol Lee,GPx0UU4AAAAJ,"Department of Physics, Yonsei University",South Korea
9406,Kwanpyo Kim,Cm_fyigAAAAJ,"Department of Physics, Yonsei University, Korea",South Korea
9407,Yangjin Lee,GUnuFj8AAAAJ,"Department of Energy Science, Sungkyunkwan University (SKKU)",South Korea
9408,Seongil Im,g5YFxw4AAAAJ,"Professor of Physics, Yonsei University",South Korea
9409,Hyeonsik Cheong,id1DXxAAAAAJ,"Dept. of Physics, Sogang University",South Korea
9410,Yong Soo Kim (Y. S. Kim),Y76yfbYAAAAJ,"Department of Semiconductor Physics and Energy Harvest-Storage Research Center, University of Ulsan",South Korea
9411,Dominik Lungerich,SqZM0A4AAAAJ,"Center for NanoMedicine, Institute for Basic Science (IBS)",South Korea
9412,Gwan-Hyoung Lee,F7a2VvUAAAAJ,"Professor, Materials Science and Engineering, Seoul National University",Australia
9413,Myung-Gil Kim,WHVM_rwAAAAJ,"Assoicate Professor, Sungkyunkwan University",South Korea
9414,Sunmin Ryu,oxSKEIoAAAAJ,POSTECH,South Korea
9631,Yeonsu Jeong,nxm2m3QAAAAJ,University of Strasbourg,France
9639,Hye-Jin Jin,XV135jUAAAAJ,candidate of integrated course,Australia
10587,Irene Best,_DA96wUAAAAJ,Villanova University,United States
11050,Kelly Doran,vHXS-2IAAAAJ,University of Maryland School of Nursing,United States
11219,Shaoxiong Brian Xu,djbIw8gAAAAJ,PhD | The Hong Kong Polytechnic University; Huanggang Normal University,"Hong Kong SAR, China"
11220,Guangwei Hu,NJR8u4sAAAAJ,"Professor of Language and Literacy Education, Hong Kong Polytechnic University","Hong Kong SAR, China"
11221,Dr Natalie Evans,SrZQJ0QAAAAJ,AmsterdamUMC,
11222,Lex Bouter,-mWWQ58AAAAJ,Amsterdam University Medical Centers and Vrije Universiteit Amsterdam,Netherlands
11223,Hassan Nejadghanbar,0SH-YoMAAAAJ,The Hong Kong Polytechnic University,"Hong Kong SAR, China"
11331,Catarina Lindqvist,MA48kR0AAAAJ,"PhD, Karolinska Institutet",Sweden
11540,Hannes Hagström,YTipOtAAAAAJ,Karolinska Institutet,Sweden
11545,Per Stål,GEL5A4YAAAAJ,"Docent i gastroenterologi, Karolinska Institutet",Sweden
12474,Jayaprakash Sahoo,BFbH1ogAAAAJ,JIPMER,India
12475,S Kamalanathan,ffvplD8AAAAJ,"Professor of Endocrinology, JIPMER",India
12476,Dukhabandhu Naik,Pp8LpDEAAAAJ,"Assistant professor at Pimpri Chinchwad College of Engineering, Pune",India
12863,Dr Sitanshu Sekhar Kar,UKCFTF4AAAAJ,"Professor of PSM, JIPMER, Puducherry",India
12864,SAIBAL DAS,PusvXCsAAAAJ,"Scientist D (Medical), ICMR–National Institute for Research in Bacterial Infections, Kolkata, India",India
13528,Fermin Ignacio Palma,_mxiE_oAAAAJ,Universidad de Buenos Aires,Argentina
13560,María Emilia Bravo,kpoa1UYAAAAJ,"Investigador Asistente, CONICET, Argentina",Argentina
13561,Sebastián Principi,rwdYSqIAAAAJ,University of Buenos Aires,Argentina
13563,Emanuele Lodolo,qSfama8AAAAJ,Istituto Nazionale di Oceanografia e di Geofisica Sperimentale (OGS),Italy
13566,Donaldo Mauricio Bran,ASkiHjsAAAAJ,University of Buenos Aires,Argentina
13730,Lola Cañamero,kqD3TFgAAAAJ,"Full Professor, INEX Chair of Neuroscience and Robotics, ETIS Lab, CY Cergy Paris University, France",France
13765,E Bagheri,SKj1D8gAAAAJ,Research Scientist,United Kingdom
13868,Shereen Ismail,zlzGrwIAAAAJ,"Merit Network Inc., University of Michigan",United States
13869,Diana W. Dawoud,ahpg4ZUAAAAJ,"Assistant Prof. in Electrical Engineering, University of Dubai",United Arab Emirates
13870,Jeremy Straub,JoJQnyMAAAAJ,"Department of Computer Science, North Dakota State University",United States
13871,Fartash Vasefi,GoAAhNAAAAAJ,"Chief Technology Officer, SafetySpect Inc.",United States
13872,Hossein Kashani Zadeh,enbCjukAAAAJ,University of North Dakota,United States
13873,Md. Saifur Rahman,cf3bfR0AAAAJ,Assistant professor at University of Texas Health Science Center at Houston,United States
13874,Mohamad Zamini,Xh0_MckAAAAJ,Graduate student University of Wyoming,United States
13875,Hamid R Arabnia,g86VLOUAAAAJ,"Professor Emeritus of Computer Science, University of Georgia",Georgia
13876,Khouloud Salameh,4DC26JcAAAAJ,"Associate Professor in Computer Science, American University of Ras Al Khaimah (AURAK)",United Arab Emirates
13877,Muhammad Nouman,ebfBz34AAAAJ,Researcher,South Korea
13878,"Zakaria El Mrabet, Ph.D.",x0a2utwAAAAJ,University of North Dakota,United States
13879,Xudong He,c3hjzHuoGLgC,Florida International University,United States
13880,Haleh Azizi,KoCnlAgAAAAJ,"Data Scientist, University of North Dakota",United States
13881,Saroj Mishra,rQZ9NSYAAAAJ,Software Engineer,United States
13882,Rahul Nori,_6Y76jMAAAAJ,Masters in Computer Science From University of Alabama,United States
13883,Scott Kerlin,3IoFtFsAAAAJ,Oregon State University,United States
13884,Kris Zarns,3oc4m_0AAAAJ,University Of North Dakota Computer Science,United States
14720,Hoang-Long Cao,ckm1CPUAAAAJ,"Brussels Human Robotics Research Center, Vrije Universiteit Brussel",Belgium
14721,Bram Vanderborght,gUz3d1sAAAAJ,Vrije Universiteit Brussel and imec,Belgium
14786,K Dautenhahn,0b9_3VUAAAAJ,"Canada 150 Research Chair in Intelligent Robotics, University of Waterloo",Portugal
14794,Pablo G Esteban,ntBza-UAAAAJ,Vrije Universiteit Brussel,Belgium
14802,AD Beir,XiFPj68AAAAJ,Vrije Universiteit Brussel (VUB),Belgium
14866,G Van de Perre,uUlMhccAAAAJ,Vrije Universiteit Brussel,Belgium
14875,Andreas Schaab,Y8NSI1EAAAAJ,"Assistant Professor, UC Berkeley",United States
14876,Eduardo Dávila,LTyI2MYAAAAJ,"Assistant Professor, Yale University",United States
14877,Christopher Clayton,g_kQ3sgAAAAJ,"Assistant Professor of Finance, Yale School of Management",United States
14878,Xavier Jaravel,_PG9JHoAAAAJ,London School of Economics,United Kingdom
14879,Johannes Brumm,FB7UNygAAAAJ,Karlsruhe Insitute of Technology,Germany
14880,Simon Scheidegger,PdVLxZwAAAAJ,"Department of Economics, Faculty of Business and Economics (HEC Lausanne), University of Lausanne",Switzerland
14881,Adrien Bilal,c5eM-D4AAAAJ,Stanford University,United States
15187,"Anil Bhujel, Ph.D. in Biosystems Engineering",lqsaJwEAAAAJ,"Research Associate, Michigan State University",United States
15188,Jayanta Kumar Basak,rc1E8tUAAAAJ,"Associate professor, Department of Environmental Science and Disaster Management, Noakhali Science",Bangladesh
15189,Elanchezhian Arulmozhi,TGk7_FEAAAAJ,"PhD candidate, Gyeongsang National University",South Korea
15190,Mustafa Jaihuni,bmSJdG0AAAAJ,"PhD Candidate, University of Tennessee Knoxville",United States
15191,Jaesung Park,v5QBGH4AAAAJ,Pusan National Univerisity,South Korea
15192,Okyere Frank Gyan Ph.D,VVRyc1gAAAAJ,Utrecht University,Netherlands
15193,Kaushalya Madhavi,3D1sjk8AAAAJ,"Department of Plant, Food and Environmental Sciences,Dalhousie University, Truro, Canada",Canada
15194,Yibin Wang,_w7hCm4AAAAJ,Texas A&M University,United States
15195,Daniel Morris,IqXi0YcAAAAJ,"Associate Professor, Biosystems and Agricultural Engineering, Electrical and Computer Engineering",United States
15196,Mukesh Dangol,_zRzDa0AAAAJ,"Ministry of Culture, Tourism and Civil Aviation",Turkiye
15197,Yuzhen Lu,mC5ZTvEAAAAJ,"Assistant Professor, Michigan State University",United States
15198,Dae Yeong Kang,bVIk5T0AAAAJ,"Ph. D. Student, Gyeongsang National University",South Korea
15199,Niraj Tamrakar,Sxp13kwAAAAJ,Gyeongsang National University,South Korea
15200,Nibas Chandra Deb,f2AFCOEAAAAJ,"Research Assistant, Smart Farm Systems Lab., Gyeongsang National University",South Korea
15289,A Imak,wGIvH78AAAAJ,Munzur University,Turkiye
15291,A Sengur,E3dNN5kAAAAJ,"Professor of Electrical-Electronics Engineering, Firat University",Turkiye
15316,B Paudel,vRlABgUAAAAJ,Federation University,Australia
15462,S Karki,koqLtH8AAAAJ,North Dakota State University,United States
16351,Muammer Türkoğlu,0doPByAAAAAJ,Samsun Üniversitesi,Turkiye
16409,Ümit Budak,aLxWgFQAAAAJ,Bitlis Eren University,Turkiye
16567,W Dai,Xg8MhyAAAAAJ,Shanghai Jiao Tong University,China
16630,Jhessica Silva,FeysKMMAAAAJ,"Instituto de Computação, Universidade Estadual de Campinas",Brazil
16698,Messi H.J. Lee,k15hLEsAAAAJ,Washington University in St.Louis,United States
16699,Calvin Lai,Nkkrs_YAAAAJ,"Associate Professor, Department of Psychology, Rutgers University",United States
16700,Jacob M. Montgomery,GaWC-J4AAAAJ,"Professor of Political Science, Washington University in Saint Louis",United States
16742,Nikita Makarov,l-AtfMQAAAAJ,"Data & Analytics, Pharmaceutical Research and Early Development, Roche Innovation Center Munich",Germany
16743,Raul Rodriguez-Esteban,FsXiVDwAAAAJ,"Roche Pharmaceuticals, Pharmaceutical Research & Early Development",Portugal
16744,Fabian Schmich,gvHn1l0AAAAJ,ETH Zurich,Switzerland
16745,Michael P. Menden,jBejY7cAAAAJ,"Associate Professor, University of Melbourne, Department of Biochemistry and Pharmacology",Australia
16746,Dr. Santhanakrishnan Narayanan,hNUcihEAAAAJ,"Senior mobility scientist, Technical University of Munich",Germany
16747,Parnia Bahar,eyc24McAAAAJ,Apple,United States
16748,Hermann Ney,6C8rf-0AAAAJ,RWTH Aachen University,Germany
16965,M Abouelela,4U3BGhAAAAAJ,Technische Universität München,Germany
16967,Constantinos Antoniou,0rDCk00AAAAJ,"Full Professor, Technical University of Munich (TUM)",Germany
17028,"Daniel Tobias Michaeli, MD PhD MSc MSc",4Ag4WosAAAAJ,Heidelberg University,United States
17029,Julia Caroline Michaeli,3n61HGAAAAAJ,Asklepios Klinik Altona,Germany
17030,Sebastian Albers,dGPrd80AAAAJ,TU München,Germany
17031,Panos Kanavos,dPMLDrYAAAAJ,Associate Professor in International Health Policy,United States
17032,Aurelio Miracolo,OX4eQUoAAAAJ,"Research Officer, London School of Economics | PhD student, King's Business School",United Kingdom
17033,Hendrik Jürges,I4mZ4BwAAAAJ,University of Wuppertal,Germany
17034,Aakash Desai,pOTNLUMAAAAJ,University of Alabama,United States
17035,Dominik Dannehl,42C4EsEAAAAJ,"Department of Women's Health, Tuebingen University",China
17036,Mark P Lythgoe,JypUP9cAAAAJ,Imperial College London,United Kingdom
17037,Ali Raza Khaki,TUo3PbQAAAAJ,Stanford University,United States
17038,"Jeremy L. Warner MD, MS, FAMIA, FA...",k_9sF90AAAAJ,Brown University and Rhode Island Hospital,United States
17039,Dr. Niklas Thilo,nE_MqegAAAAJ,"Facharzt für Laboratoriumsmedizin, Mikrobiologie, Virologie und Infektionsepidemiologie, Haematology",Germany
17040,karan jatwani,7DxBgsIAAAAJ,Roswell Park Comprehensive Cancer Center,United States
17041,Atulya Aman Khosla,HC4d1FcAAAAJ,"Internal Medicine Resident Physician, William Beaumont University Hospital",United States
17042,Elias Mossialos,epgMZFQAAAAJ,London School of Economics,United Kingdom
17043,Chingakham Ranjit Singh,in19kEQAAAAJ,Assistant Professor,Iran
17044,Ruma Singh,9QX574MAAAAJ,University of Auckland,New Zealand
17045,Carolina Delatorre,lzP_kTsAAAAJ,University of Heidelberg,United States
18074,Jisu Nam,xakYe8MAAAAJ,M.S./Ph.D. student at Korea Advanced Institute of Science and Technology (KAIST),
18075,Seungryong Kim,cIK1hS8AAAAJ,"Associate Professor, KAIST",South Korea
18076,Seokju Cho,mvPfpnMAAAAJ,KAIST,South Korea
18077,Sunghwan Hong,lBXhOmoAAAAJ,"Ph.D Candidate Computer Science, Korea University",Japan
18078,Stephen Lin,c3PYmxUAAAAJ,Microsoft Research Asia,China
18079,Dongbo Min,3REUPXYAAAAJ,"Computer Science and Engineering, Ewha Womans University, Korea",South Korea
18337,J Choo,GHJYsLEAAAAJ,"Associate Professor, Graduate School of Artificial Intelligence, KAIST",Algeria
18339,C Gou,_0ad79AAAAAJ,"Associate Professor, Sun Yat-sen University",China
18356,Z Dou,SLRYlKsAAAAJ,The University of Hong Kong; University of Pennsylvania,"Hong Kong SAR, China"
18406,Panagiotis Alimisis,-n2U1YsAAAAJ,Unknown affiliation,Canada
18478,Rishubh Parihar,RaRoJFYAAAAJ,Ph.D. Scholar - Indian Institute of Science,India
18479,R. Venkatesh Babu,cVg7HrEAAAAJ,"CDS, Indian Institute of Science, Bangalore, India",India
18480,Tejan Karmali,Ulsd7DkAAAAJ,Stanford University,United States
18481,Raviprasad Mohan Kini,J6V-lZkAAAAJ,Senior Data Scientist at Thoughtworks,United Kingdom
18482,Ankit Dhiman,vPKjfz0AAAAJ,"Samsung Research Institute, Bangalore",India
18483,Aniket Rege,qdsfqI4AAAAJ,University of Wisconsin-Madison,United States
18484,Harsh Rangwani,OQK0WREAAAAJ,"Research Scientist, Adobe Research",United States
18485,Varun Jampani,1Cv6Sf4AAAAJ,"Vice President of Research, Stability AI",South Korea
18486,Susmit Agrawal,dwx-5E0AAAAJ,M.Tech. AI (RA) - IIT Hyderabad,India
18487,Maneesh Singh,hdQhiFgAAAAJ,AI R&D. Indic aiDias. Spector.ai,Australia
18488,Raghav Magazine,h6mcnrwAAAAJ,Microsoft Research,India
18489,Prem Kalra,ttrJhoUAAAAJ,Professor Department of Computer Science and Engineering IIT Delhi,India
18490,Aniket Dashpute,6jHlWz0AAAAJ,PhD student at Rice University,United States
18491,Gaurav Ramola,KO4XYIkAAAAJ,Qualcomm India,Canada
18492,Srinath Sridhar,qIvZT74AAAAJ,"Assistant Professor of Computer Science, Brown University",United States
18636,Anjali W Gupta,Vv4Iq7sAAAAJ,New York University,United States
18637,Marynel Vázquez,-wm8urcAAAAJ,Yale University,United States
18638,Subashri Ramesh,G2s2-44AAAAJ,Yale University,United States
18639,Nathan Tsoi,yhQitf8AAAAJ,Yale University,United States
18640,Sydney Thompson,jiCo5wgAAAAJ,"Ph.D. Student, Yale University",United States
18641,Hyoungseob Park,A3c4pHkAAAAJ,Ph.D student in Yale University,United States
18642,Alex Wong,K9_XuM8AAAAJ,Yale University,United States
18836,Denis Tverskoi,5TK6xykAAAAJ,"University of Tennessee, Knoxville",United States
18837,Sergey Gavrilets,b5YHokIAAAAJ,"EEB, Math, Univ. of Tennessee, Knoxville",United States
18838,Angel Sánchez,4a3L2hEAAAAJ,"Grupo Interdisciplinar de Sistemas Complejos (GISC), Matemáticas, Universidad Carlos III de Madrid",Spain
18839,giulia andrighetto,SV9W-ekAAAAJ,"Research Director, Institute of Cognitive Sciences and Technologies-CNR,",Italy
18840,Fuad Aleskerov,4druE2IAAAAJ,National Research University Higher School of Economics,Russian Federation
18841,Andrea Guido,897ZPxIAAAAJ,Paris School of Business,France
18842,Yaroslav Rosokha,BTd-080AAAAJ,"Associate Professor of Economics, Purdue University",Iran
18843,Xinxin Lyu,7k1iZEkAAAAJ,Purdue University,United States
18844,Chien-fei Chen,gG7Qu5EAAAAJ,"Professor of Sociology, Clemson University, USA",United States
18845,Xiaojing Xu,aZR9wgsAAAAJ,"University of Tennessee, Knoxville",United States
18846,Carol Menassa,hxMB7FQAAAAJ,"Professor of Civil and Environmental Engineering, University of Michigan",Viet Nam
18847,Sudarsanam Babu,AD9DTNgAAAAJ,"University of Maryland, College Park, MD",United States
18848,Athmanathan (Athma) Senthilnathan,BiXmynsAAAAJ,"Postdoctoral Scholar, Dartmouth College",United States
18849,Vladimir Makarenkov,tP0i83IAAAAJ,Université du Québec à Montréal,Canada
18850,Juan Ozaita Corral,5f1iyFkAAAAJ,"PhD applied mathematics, Universidad Carlos III de Madrid",Spain
18851,Eric C Jones,kp6D9FYAAAAJ,"Assistant Professor of Social Epidemiology, Univeristy of Texas Health Science Center at Houston",United States
18852,Carol R. Ember,I0u3X5sAAAAJ,"President, Human Relations Area Files at Yale University",Indonesia
18853,Michele J Gelfand,s6Q6ebMAAAAJ,Stanford University,United States
18854,Alexandria Volkening,KBxweUAAAAAJ,"Mathematics, Purdue University",United States
18855,Sean S. Downey,3rwprgEAAAAJ,Ohio State University,United States
18856,boyu zhang,uAXKyCIAAAAJ,"Beijing Normal University, zhangby@bnu.edu.cn",China
19094,Arjun Karpur,jgSItF4AAAAJ,Google DeepMind,United Kingdom
19095,Qixing Huang,pamL_rIAAAAJ,"Associate Professor of Computer Science, UT Austin",United States
19096,Xingyi Zhou,47n-0mwAAAAJ,Google DeepMind,United Kingdom
19097,Bingyi Cao,7EeSOcgAAAAJ,Google DeepMind,United Kingdom
19098,Howard Zhou,Rh9T3EcAAAAJ,Google DeepMind,United Kingdom
19099,Ricardo Martin-Brualla,9F59OCYAAAAJ,Google,Israel
19105,W Min,H0BOQgwAAAAJ,"Associate Professor, Institute of Computing Technology, Chinese Academy of Sciences",China
19279,A Yuille,FJ-huxgAAAAJ,"Professor of Cognitive Science and Computer Science, Johns Hopkins University",United States
19280,A Kortylewski,tRLUOBIAAAAJ,"Research Group Leader, University of Freiburg and Max Planck Institute for Informatics",Germany
19293,C Theobalt,eIWg8NMAAAAJ,"Professor, Max Planck Institute for Informatics, Saarland Informatics Campus, Saarland University",Germany
19305,T Komura,TApLOhkAAAAJ,The University of Hong Kong,"Hong Kong SAR, China"
19495,G Cosma,OpHkDDIAAAAJ,"Professor of AI & Data Science, Department of Computer Science, Loughborough University",Poland
19634,Thorsten Hempel,leE018kAAAAJ,"Neuro-Information Technology, Otto von Guericke University, Magdeburg",Germany
19661,Ahmed A Abdelrahman,u53tHLQAAAAJ,Assoc.Lecturer & Researcher,South Korea
19662,Ayoub Al-Hamadi,4IELWYQAAAAJ,Professor of Neuro-Information Technology (NIT),Japan
19671,Laslo Dinges,KsGLoIwAAAAJ,"Faculty of Electrical Engineering and Information Technology, Otto-von-Guericke University Magdeburg, Magdeburg, Germany",Germany
19686,G Tan,JerZls4AAAAJ,"School of Intelligent Systems Engineering, Sun Yat-sen Unversity",China
19738,Dmitri Bershadskyy,S5HuNuAAAAAJ,"Otto-von-Guericke University, Magdeburg",Germany
19919,Aly Khalifa,StBBs88AAAAJ,Otto-von-Guericke-Universität Magdeburg,Germany
20045,Dominykas Strazdas,PhcccIoAAAAJ,Otto-von-Guericke University Magdeburg,Germany
20046,Jan Hintz,8C5x__gAAAAJ,Otto von Guericke Universität Magdeburg,Germany
20288,Waqas Ahmed,vpn5yV8AAAAJ,"Husqvarna Global, Sweden and Jönköping University, Sweden",Sweden
20289,Muhammad Umair Ali,_NQtYBUAAAAJ,"School of Intelligent Mechatronics Engineering, Sejong University",South Korea
20290,"Jamil Ahmed Sheikh, Ph.D.",Cc4zylkAAAAJ,Department of sociology,Russian Federation
20291,Amad Zafar,18swFeIAAAAJ,"Sejong University, Seoul, South Korea",South Korea
20292,Dr. Arshad Arshad,bbNcEcoAAAAJ,Scottish Power,United Kingdom
20293,"Kamran Ali Khan Niazi, Ph.D.",gDuWsWsAAAAJ,"Postdoc at Department of Mechanical and Production Engineering - Fluids and Energy, Aarhus",France
20294,Manahil Zulfiqar,R2GlXUwAAAAJ,"Faculty of Electrical Engineering, Automatics, Computer Science and Biomedical Engineering",Croatia
20359,MA Parvez Mahmud,yuAtnxoAAAAJ,"Senior Lecturer, University of Technology Sydney",Australia
20418,AZ Kouzani,Ehqa_OsAAAAJ,"Professor, Deakin University",Australia
20437,Shahjadi Hisan Farjana,YeiEWAoAAAAJ,Senior Policy Officer,China
20457,W Ahmed,J-bCluIAAAAJ,"Professor of Nanoscience, University of Lincoln",United Kingdom
22,Xiyang Zhang,nan,"Department of Psychology, University of Akron, Akron, Ohio 44325, United States",United States
1942,Zhongyu Wei,nan,"School of Data Science, Fudan University, China. Research Institute of Intelligent and Complex Systems, Fudan University, China",China
2225,Avishai Shaton,nan,"SolarEdge, Herzliya, Israel",Israel
2247,Adam Hoffman,nan,"Maxeon Solar Technologies, Singapore",Singapore
2248,Ben Spurgeon,nan,"Brookfield Renewable, Toronto, Ontario, Canada",United States
2249,Daniel Gibbons,nan,"Bay4 Energy, Tucson, AZ, USA",India
3187,Kun Shang,nan,"Department of Nuclear Medicine, Peking University People's Hospital, Beijing 100044, China",China
5490,Elizabeth Galik,nan,"School of Nursing, University of Maryland Baltimore, 655 W Lombard St. Baltimore, MD 21201, USA",United States
5491,Barbara Resnick,nan,"School of Nursing, University of Maryland Baltimore, Baltimore, Maryland, USA",United States
5608,Sarah L Szanton,nan,"Johns Hopkins University School of Nursing, Baltimore, Maryland, USA\n\nDepartment of Health Policy and Management, Johns Hopkins Bloomberg School of Public Health, Baltimore, Maryland, USA",United States
5966,Jeanette Ellis,nan,"University of Maryland School of Nursing, Baltimore, Maryland, USA",United States
6059,Shijun Zhu,nan,"University of Maryland School of Nursing, Baltimore",United States
6148,HT Kim,nan,"Department of Bio-Systems Engineering, Institute of Smart Farm, Gyeongsang National University,\nJinju 52828, Republic of Korea;",South Korea
6192,Jacqueline Mogle,nan,"Department of Psychology, Clemson University, Clemson, South Carolina, USA",United States
6193,Rhonda BeLue,nan,"St. Louis University, St. Louis, MO, USA",United States
6194,Douglas Leslie,nan,"The Pennsylvania State University, College of Nursing, 306 Nursing Sciences Building, University Park, PA, 16802, USA",Australia
6742,Pietro Vidossich,nan,"Laboratory of Molecular Modelling & Drug Discovery, Istituto Italiano di Tecnologia, Via Morego 30, Genoa 16163, Italy",Italy
8019,Xiaosi Gu,nan,"Department of Psychiatry, Icahn School of Medicine at Mount Sinai, New York, NY, USA\nNash Family Department of Neuroscience, Icahn School of Medicine at Mount Sinai, New York, NY, USA",United States
8299,Qixiu Fu,nan,"Department of Neuroscience, Icahn School of Medicine at Mount Sinai, New York, NY, USA. Department of Psychiatry, Icahn School of Medicine at Mount Sinai, New York, NY, USA. Center for Computational Psychiatry, Icahn School of Medicine at Mount Sinai, New York, NY, USA.",United States
8960,MM Faruque Hasan,nan,"Artie McFerrin Department of Chemical Engineering,, Texas A&M University,College Station, TX 77843-3122, USA.",United States
10660,Joanne Roman Jones,nan,"College of Nursing, The Pennsylvania State University, University Park, PA, USA",United States
10678,Diane Berish,nan,"Pennsylvania State University, Ross and Nese College of Nursing, University Park, Pennsylvania, USA",United States
10680,Ying-Ling Jao,nan,"Ross and Carol Nese College of Nursing, The Pennsylvania State University, 307B Nursing Sciences Building, University Park, PA, 16802, USA",Australia
10681,Liza Behrens,nan,"a Ross and Carol Nese College of Nursing, The Pennsylvania State University, University Park, Pennsylvania, USA",United States
10689,Rachel Arendacs,nan,"College of Nursing, Pennsylvania State University, University Park, PA",United States
12477,Pazhanivel Mohan,nan,"Department of Medical Gastroenterology, Jawaharlal Institute of Postgraduate Medical Education and Research, Puducherry 605006, India",Uzbekistan
13529,José Ignacio Isola,nan,"CONICET – Universidad de Buenos Aires, Instituto de Geociencias Básicas, Aplicadas y Ambientales de Buenos Aires (IGeBA), Buenos Aires, Argentina\nDepartment of Earth and Planetary Sciences, Rutgers University, Piscataway, NJ, USA",Argentina
13531,Graziella Bozzano,nan,"Consejo Nacional de Investigaciones Científicas y Técnicas (CONICET), Argentina\nDepartment of Oceanography, Argentine Hydrographic Service (SHN), Buenos Aires, Argentina",Argentina
13533,Juan Pablo Ormazabal,nan,"CONICET – Universidad de Buenos Aires, Instituto de Geociencias Básicas, Aplicadas y Ambientales de Buenos Aires (IGeBA), Buenos Aires, Argentina\nDepartamento de Ciencias Geológicas, Facultad de Ciencias Exactas y Naturales, Universidad de Buenos Aires, Argentina",Argentina
13537,Federico Damián Esteban,nan,"Facultad de Ciencias Exactas y Naturales, Departamento de Ciencias Geológicas, Universidad de Buenos Aires, Ciudad Universitaria Pabellón 2, C1428EGA Buenos Aires, Argentina\nInstituto de Geociencias Básicas, Aplicadas y Ambientales de Buenos Aires (IGeBA), CONICET-Universidad de Buenos Aires, Ciudad Universitaria Pabellón 2, C1428EGA Buenos Aires, Argentina",Argentina
13538,Alejandro Alberto Tassone,nan,"Facultad de Ciencias Exactas y Naturales, Departamento de Ciencias Geológicas, Universidad de Buenos Aires, Ciudad Universitaria Pabellón 2, C1428EGA Buenos Aires, Argentina\nInstituto de Geociencias Básicas, Aplicadas y Ambientales de Buenos Aires (IGeBA), CONICET-Universidad de Buenos Aires, Ciudad Universitaria Pabellón 2, C1428EGA Buenos Aires, Argentina",Argentina
13740,Matthew Lewis,nan,"Department of Computer Science, Embodied Emotion, Cognition, and (inter-)Action Lab, University of Hertfordshire, Hatfield, United Kingdom",France
13768,Oliver Roesler,nan,"Artificial Intelligence Lab, Vrije Universiteit Brussel, 1050 Brussels, Belgium",Belgium
13769,Amir Aly,nan,"Amir Aly School of Engineering, Computing and Mathematics ",Rwanda
15201,Anil Bhujel,nan,"Department of Bio-systems Engineering, Gyeongsang National University (Institute of Smart Farm), Jinju, 52828, Republic of Korea, \nMinistry of Communication and Information Technology, Singhadurbar, Kathmandu 44600, Nepal",Ethiopia
15493,NE Kim,nan,"Department of Bio-Systems Engineering, Institute of Smart Farm, Gyeongsang National University, Jinju 52828, Korea",South Korea
15618,Fawad Khan,nan,"Department of Biosystems Engineering, Gyeongsang National University (Institute of Agriculture & Life Science), Jinju, 52828, South Korea",South Korea
15623,Hyeon Tae Kim,nan,"Department of Biosystems Engineering, Gyeongsang National University (Institute of Agriculture & Life Science), Jinju, 52828, South Korea",South Korea
17046,Daniel Tobias Michaeli,nan,"Fifth Department of Medicine, University Hospital Mannheim, Heidelberg University, Mannheim, Germany\nDivision of Personalized Oncology, University Hospital Mannheim, Heidelberg University, Mannheim, Germany\nTUM School of Management, Technical University of Munich, Munich, Germany",Germany
17047,Thomas Michaeli,nan,"Fifth Department of Medicine, University Hospital Mannheim, Heidelberg University, Mannheim, Germany\nDivision of Personalized Oncology, University Hospital Mannheim, Heidelberg University, Mannheim, Germany\nDivision of Personalized Medical Oncology, German Cancer Research Center (DKFZ), Heidelberg, Germany",Germany
17267,Tobias Boch,nan,"Department of Hematology and Oncology, University Hospital Mannheim, Heidelberg University, Mannheim, Germany\nDivision of Personalized Medical Oncology, German Cancer Research Center (DKFZ), Heidelberg, Germany\nDepartment of Personalized Oncology, University Hospital Mannheim, Heidelberg University, Mannheim, Germany",Germany
18501,R Venkatesh Babu,nan,"Indian Institute of Science, Bangalore\nKarnataka, India. Vision and AI Lab, IISc Bangalore",India
19672,Marc-André Fiedler,nan,"Neuro-Information Technology Group, Otto-von-Guericke University Magdeburg, 39106, Magdeburg, Germany",Germany
19674,Joachim Weimann,nan,"Faculty of Economics and Management, Otto-von-Guericke University Magdeburg, 39106, Magdeburg, Germany",Germany
20407,Jamil Ahmed Sheikh,nan,"\nDepartment of Sociology, University of Wah, Wah Cantt 47040, Pakistan",Pakistan
