community_id,author_id,Affiliation
1,616,Independent Researcher in Technology Risk & Data Sciences
1,1041,"PhD, Senior Lecturer, Industrial and Production Engineering Department, Nnamdi Azikiwe University"
1,1042,"Virginia Tech, GWU"
1,1043,GE Vernova
1,1044,Electrical Engineer at Black & Veatch | Graduate of University of Nebraska-Lincoln
1,1045,Niger Delta Power Holding Company of Nigeria
1,1070,"Federal university of technology minna, National Engineering Design Development institute Nnewi"
1,1071,Independent Researcher
1,1076,Center for Precision Metrology & University of North Carolina at Charlotte
1,1077,Ph.D. Student at The University of Alabama
1,1078,"MS. in Computer Science, Bowling Green State University"
1,1079,University of Nebraska at Omaha
1,1086,MSc MBA
1,1175,Hult International Business School
1,1176,University of Aberdeen
1,1292,"Independent Consultant, Nigeria, Nigeria"
1,1293,"Lecturer in Management, University of Bedfordshire"
1,1614,"CEO, Havenhill Synergy Ltd."
1,2386,"Havenhill Synergy Limited, Nigeria, Nigeria"
1,2771,"Independent Researcher, Australia"
1,2792,The University of Law
1,5886,Missouri State University
1,7340,Columbia University
2,93,University of KwaZulu-Natal
2,116,Public Health Specialist
2,117,
2,119,"Research Assistant, University of North Florida"
2,382,Researcher / Data Analyst/Data Scientist/Software Engineer
2,682,"Licensed Dentist, VT DOC Chittenden CRCF & NorthWest NWSCF"
2,683,Marshall University
2,685,"Licensed Dentist, VT DOC Chittenden CRCF & NorthWest NWSCF"
2,1047,"Houston Community College, Houston Texas"
2,1050,"MS candidate in Health Administration, Park University"
2,1051,"Epidemiology, Healthcare Analytics and Research"
2,1095,Independent Researcher
2,1096,"Department of Public Law, University of Cape Town, South Africa."
2,1590,"Researcher, Leiden University, Netherlands"
2,3242,Marshall University
2,3256,"Medical Doctor , Anaesthesiologist"
2,3294,"Richmond, Virginia, United States of America (U.S.A)"
2,5634,"University of Ibadan, Nigeria"
2,5635,Rutgers University
3,1048,UNC Chapel Hill
3,1055,Access Bank plc
3,1059,Accountant|Counter Fraud Expert. United Nations African Regional Centre for Space Science Technology
3,1060,"City Power, Johannesburg, South Africa"
3,1087,"Independent Researcher, Lagos, Nigeria"
3,1167,Trevecca Nazarene University
3,1168,IQVIA Middle East and Africa
3,1388,titilola.falaiye@waldenu.edu
3,1491,"Independent Researcher, Houston, Texas, USA"
3,1882,"Independent Researcher, Athens Georgia, USA, United States\n"
3,2351,"Credit Risk Analyst, Bunge North America"
3,2392,"Independent Researcher, Chicago USA"
3,5894,"Sanctus Maris Concepts, Nigeria Ltd"
3,12443,Trevecca Nazarene University
4,69,"Independent Researcher, UK"
4,70,"Independent Researcher, UK"
4,100,University of KwaZulu Natal
4,619,"Independent Researcher, Fellow, ACCA UK"
4,664,"Freelance Business Consultant, United Kingdom"
4,1194,"Independent Researcher, New York, USA, United States"
4,1915,Independent Researcher
4,1916,"Independent Researcher, Sheffield, UK, United Kingdom"
4,4251,"Independent Researcher, Lagos, Nigeria"
4,4256,Independent Researcher
4,4887,"Risk Manager, Trade Depot Limited"
4,4888,"International Business and Management,University of Portsmouth"
5,82,
5,621,"Independent Researcher, Nigeria, Nigeria"
5,1046,University of Maryland Baltimore County
5,1068,Unknown affiliation
5,1069,"Msc Cyber Security Engineering, University of Warwick; Bsc Computer Science, Covenant University"
5,1080,"Lecturer in Engineering, Stanmore College"
5,1084,"MSc Environmental Management, University of Hertfordshire."
5,1180,"(M.B.A, M.Sc, PMP), University of Texas, Rio Grande Valley"
5,1181,Senior Process Engineer - Water at Sychar Water Technologies
5,1186,"Independent Researcher, Durban, South Africa"
5,5887,"Research Director SoluSoft Limited, Negiria"
5,5888,"M.Sc., Information Technology Management, Indiana Wesleyan University, USA."
6,84,Shell
6,599,Engineer of Electrical Electronic
6,1159,"Nigeria Liquified Natural Gas (NLNG), Nigeria"
6,1160,"Independent Researcher, Abuja Nigeria"
6,1275,"Nigeria LNG Ltd, Bonny Island, Rivers State Nigeria. "
6,1431,"Renewable Specialist, Golden Yoke Limited"
6,1432,"Independent Researcher, Uyo Nigeria."
6,1433,Chevron Nig Ltd
6,1434,The University of Alabama (Tuscaloosa)
7,9116,"Department of Biology, University of Raparin, Kurdistan region, Iraq"
7,9117,"Department of Biology, University of Raparin, Kurdistan Region, Iraq."
7,9264,"Assistant lecturer in psychiatric and mental health nursing, University of Raparin"
7,9266,Assistant Professor at RAKMHSU
7,9281,"College of Nursing, University of Raparin, Kurdistan Region, Iraq"
7,9383,"Principal Scientist, Division of Pathology, ICAR-Indian Veterinary Research Institute, Izatnagar"
7,9735,Suleimani teaching hospital
7,9766,"Department of Kindergarten, Basic Education College, University of Raparin"
7,9770,"Department of Animal Husbandry, Government of Kerala, Thiruvananthapuram, Kerala, India"
8,91,"E-Ranch Autocare, Nigeria"
8,606,Texas A&M University
8,607,Independent Researcher
8,1035,"University of Pretoria, South Africa"
8,1425,"S A&G Beeline Consulting, W&S Energy Services LTD. CTPE Consulting LTD.ProcessOps, S"
8,1428,"Independent Researcher, UK, United Kingdom"
8,1430,"Managing Consultant , J-COS CONSULT Ltd Nigeria."
8,1472,Engineer
9,52,University of Hull
9,77,"University of Sunderland, UK"
9,78,"Michael Okpara University of Agriculture Umudike, Nigeria"
9,79,Director of HSE FrozenHill Farms
9,88,"Independent Telecommunications Engineer and Data Analyst, UK"
9,89,Environmental Health and Safety.. Marshall University
9,1335,"Federal University Otuoke, Bayelsa State"
10,600,"Texas A&M University. System/Information Analyst, Greenville Texas, USA."
10,601,"Principal Sales Manager, Tranter IT Infrastructure Services Limited"
10,602,"Business Full Spectrum, UK"
10,610,"Project management, University of Portsmouth"
10,615,"Governance and Protected Data Organization, Google LLC"
10,2030,"Advanced Services Engineer, Fortinet"
10,3151,"MSc Big Data Analytics, Sheffield Hallam University"
11,1147,Mr
11,6019,University of Nebraska Medical Center
11,6953,Graduate Student Jiann Ping Hsu College of Public Health Georgia Southern University
11,6956,"University of Lagos, Nigeria"
11,7534,"Africa Voices HQ, Nigeria"
11,7559,"Independent Researcher, Lima Ohio, USA."
11,7666,Louisiana State University
12,3914,Ph.D. Candidate in Stratgic Risk Management of Supply Chains in Crisis - Agricultural University of
12,3915,"Professor, Agricultural University of Athens"
12,3919,Agricultural University of Athens
12,3921,Department of Agribusiness and Supply Chain Management \\ BCA College
12,3922,PhD Candidate in Strategic Digital Marketing of Centralized and Decentralized Finance
12,3924,"Postdoc Researcher, Department of Agribusiness and Supply Chain Management, Agricultural University"
12,3925,PhD Candidate in Strategic Digital Marketing of Centralized and Decentralized Finance
13,649,Student at California State University Fresno
13,10936,Assistant Professor at Pillai HOC College of Engineering and Technology
13,10940,Professor of Architecture
13,11216,Professor of Architecture
13,14422,Project Evaluator at European Science Foundation (ESF) - World Bank
14,105,Independent Researcher
14,107,Drilling Engineer
14,1844,"Drilling Supervisor, Sheval Engineering Services Ltd - Levene Energy Holdings Ltd"
14,3308,TotalEnergies
15,1149,Unknown affiliation
15,1171,university of Texas at Dallas
15,1173,"Organizational Psychology, Entrepreneurship, Safety and Risk Management"
15,1356,Product Manager/ Scrum Master
16,2140,"Independent Researcher, United Kingdom."
16,2142,"International School, Benin City, Edo State, Nigeria "
16,6200,"Education and Global Career Development Specialist, Career Counselor, Bridge the Gap"
16,6220," Lagos State Ministry of Education, Lagos, Nigeria, Nigeria"
17,4923,"Lead City University, Ibadan"
17,4924,First Technical University
17,4950,Kebbi State University of Science and Technology
17,5403,"Professor of Chemistry, Federal University of Agriculture, Abeokuta"
18,56,SLB
18,57,University of Houston
18,61,University of Texas at Austin
19,677,Westford University College
19,678,NHS
19,1886,"E Ranch Autocare, Nigeria"
20,679,"National Examinations Council, Nigeria."
20,692,University of Strathclyde
20,1394,"Department of Sociology, University of Ibadan, Ibadan, Nigeria"
21,710,"Associate professor, Hotel Management Dept, Faculty of Tourism & Hotels, Suez Canal University"
21,3442,"Professor , School of business, KFU, KSA - and Professor, Suez Canal University"
21,3558,Assistant Professor - College of arts-King Faisal University
22,1278,"Doctoral student , University of Texas Arlington"
22,1362,"Masters Student, University of Nebraska, USA."
22,1363,"ENL Teacher, Seymour Dual Language Academy"
23,1426,"Researcher Walden University, Adjunct Faculty Emmanuel University"
23,1473,"University of Johannesburg, South Africa., South Africa"
23,1765,"Independent Researcher, Nigeria"
24,1586,Hult International Business School
24,1792,
24,2610,"Department of Finance, Hult International Business School, Boston, USA, United States"
25,1592,Researcher/Reproductive health coordinator Samfad initiatives
25,2565,"Department of Business Administration, Ahmadu Bello University, Zaria, Nigeria, Nigeria"
25,3046,"Masters graduate, Ladoke Akintola Universtity of Technology"
26,4519,
26,4520,
26,4521,Electrical Engineer / Researcher
27,9062,Princeton University
27,9086,Orlando Medical Institute
27,9096,
28,24,Independent Researcher
28,357,Independent Researcher
29,26,
29,1856,
30,47,Researcher; Operations Engineer; Operations Specialist; Sustainability and Low carbon Technologies
30,62,Texas A&M-University Commerce
31,48,The Ohio State University
31,64,
32,604,Energy & Tech Executive
32,605,Energy and Information technology Expert
33,625,Al-Hikmah University
33,626,University of Texas Rio Grande Valley
34,659,"Associate Professor of CTHM, International University of Business Agriculture and Technology"
34,2719,"Ph.D Scholar, Willdife Institute of India"
35,1143,Wilmington University
35,1524,Researcher
36,1162,"MSc, Organizational Behaviour,University of Lagos"
36,6381,"Independent Researcher, Abuja, Nigeria"
37,1919,"Department of Physics, University of Benin, Nigeria, Nigeria"
37,2145,"Independent Researcher, Lagos, Nigeria"
38,2426,"Data Analyst, Northern Trust"
38,2427,
39,5453,"Sharda University, India"
39,6020,"Dublin City University, Ireland"
40,6065,The Ohio State University
40,6066,"Doctor of Philosophy in Occupational Health and Safety, University of Port Harcourt, Nigeria."
41,8736,"University of Houston, Texas, USA"
41,8737,University of Houston
42,10733,"Senior Research Fellow, University of Calcutta"
42,10740,"Department of Botany, University of Calcutta, India"
