community_id,author_id,Country
1,616,Canada
1,1041,Nigeria
1,1042,United States
1,1043,United States
1,1044,United States
1,1045,Nigeria
1,1070,Nigeria
1,1071,United Kingdom
1,1076,United States
1,1077,United States
1,1078,United States
1,1079,United States
1,1086,United Kingdom
1,1175,United States
1,1176,United Kingdom
1,1292,Nigeria
1,1293,United Kingdom
1,1614,United States
1,2386,Nigeria
1,2771,Australia
1,2792,United Kingdom
1,5886,United States
1,7340,United States
2,93,South Africa
2,116,Canada
2,117,
2,119,United States
2,382,
2,682,United States
2,683,United States
2,685,United States
2,1047,United States
2,1050,United States
2,1051,United States
2,1095,United States
2,1096,South Africa
2,1590,Netherlands
2,3242,United States
2,3256,China
2,3294,United States
2,5634,Nigeria
2,5635,United States
3,1048,United States
3,1055,United States
3,1059,Ethiopia
3,1060,South Africa
3,1087,Nigeria
3,1167,United States
3,1168,Jordan
3,1388,
3,1491,United States
3,1882,United States
3,2351,United States
3,2392,United States
3,5894,Italy
3,12443,United States
4,69,United Kingdom
4,70,United Kingdom
4,100,South Africa
4,619,United States
4,664,United Kingdom
4,1194,United States
4,1915,United States
4,1916,United Kingdom
4,4251,Nigeria
4,4256,United States
4,4887,Canada
4,4888,Russian Federation
5,82,
5,621,Nigeria
5,1046,United States
5,1068,Canada
5,1069,United Kingdom
5,1080,United Kingdom
5,1084,United Kingdom
5,1180,United States
5,1181,Spain
5,1186,South Africa
5,5887,United Kingdom
5,5888,United States
6,84,Norway
6,599,China
6,1159,Nigeria
6,1160,Nigeria
6,1275,Nigeria
6,1431,United States
6,1432,Nigeria
6,1433,Japan
6,1434,United States
7,9116,Iraq
7,9117,Iraq
7,9264,Iraq
7,9266,United Arab Emirates
7,9281,Iraq
7,9383,India
7,9735,Pakistan
7,9766,Iraq
7,9770,India
8,91,United States
8,606,United States
8,607,Canada
8,1035,South Africa
8,1425,Germany
8,1428,United Kingdom
8,1430,United States
8,1472,United States
9,52,United Kingdom
9,77,United Kingdom
9,78,Nigeria
9,79,United Kingdom
9,88,United Kingdom
9,89,United States
9,1335,Nigeria
10,600,
10,601,United Kingdom
10,602,United States
10,610,United Kingdom
10,615,Israel
10,2030,United States
10,3151,United Kingdom
11,1147,Germany
11,6019,United States
11,6953,United States
11,6956,Nigeria
11,7534,United States
11,7559,United States
11,7666,United States
12,3914,Slovak Republic
12,3915,Greece
12,3919,Greece
12,3921,Norway
12,3922,Viet Nam
12,3924,Norway
12,3925,Viet Nam
13,649,United States
13,10936,India
13,10940,Sweden
13,11216,Sweden
13,14422,United States
14,105,Nigeria
14,107,Slovak Republic
14,1844,United Kingdom
14,3308,
15,1149,Canada
15,1171,United States
15,1173,United States
15,1356,
16,2140,United Kingdom
16,2142,Nigeria
16,6200,Switzerland
16,6220,Nigeria
17,4923,Nigeria
17,4924,Nigeria
17,4950,Nigeria
17,5403,Nigeria
18,56,United States
18,57,United States
18,61,United States
19,677,United Arab Emirates
19,678,United States
19,1886,United States
20,679,Nigeria
20,692,United Kingdom
20,1394,Nigeria
21,710,Egypt
21,3442,Egypt
21,3558,Saudi Arabia
22,1278,United States
22,1362,United States
22,1363,Portugal
23,1426,United States
23,1473,South Africa
23,1765,Nigeria
24,1586,United States
24,1792,
24,2610,United States
25,1592,
25,2565,Nigeria
25,3046,Nigeria
26,4519,
26,4520,
26,4521,
27,9062,United States
27,9086,United States
27,9096,
28,24,Canada
28,357,Nigeria
29,26,
29,1856,
30,47,Germany
30,62,United States
31,48,United States
31,64,
32,604,United States
32,605,Greece
33,625,Nigeria
33,626,United States
34,659,Bangladesh
34,2719,United States
35,1143,United States
35,1524,Nigeria
36,1162,Nigeria
36,6381,Nigeria
37,1919,Nigeria
37,2145,Nigeria
38,2426,United States
38,2427,
39,5453,India
39,6020,Ireland
40,6065,United States
40,6066,Nigeria
41,8736,United States
41,8737,United States
42,10733,India
42,10740,India
