id,name,gs_a_id,affiliations,country
1,Kedi Wagobera Edgar,pjd82d8AAAAJ,Independent Researcher | Software Engineer,United States
8,Chibundom Ejimuda,r4An7R4AAAAJ,Boston University,United States
22,Eyitayo Raji,4PHXF_oAAAAJ,University of Chicago Booth School of Business,United States
24,C Idemudia,fvTXDs0AAAAJ,Independent Researcher,Canada
29,TV Iyelolu,r-Ms7c0AAAAJ,Financial Analyst,United States
30,TI Ijomah,IbfrEtIAAAAJ,"Independent Researcher & BPI, Ex NielsenIQ, Ex Guinness",Nigeria
37,Adebimpe Bolatito Ige,AZtyh28AAAAJ,"Cybersecurity Expert, Canada",France
45,Portia Oduro,70vUTY8AAAAJ,"Legal Fellow/Energy Law Research Associate, LSU Law Center",
46,Simpa Peter,g1Tp034AAAAJ,"Operations Management, Energy Analyst, Renewable Energy Specialist",Norway
47,Darlington Eze Ekechukwu,wWGc7vkAAAAJ,Researcher; Operations Engineer; Operations Specialist; Sustainability and Low carbon Technologies,Germany
48,Ngozi Samuel Uzougbo,CO6p6ooAAAAJ,The Ohio State University,United States
49,Olusile Babayeju,u_ot0dEAAAAJ,Engineer,United States
52,Peter Simpa,g1Tp034AAAAJ,University of Hull,United Kingdom
56,AD Ogbu,uR1_Y6oAAAAJ,SLB,United States
57,AH Ikevuje,UN2ZyJAAAAAJ,University of Houston,United States
61,W Ozowe,3NNo-3sAAAAJ,University of Texas at Austin,United States
62,JM Kwakye,GRU8i7YAAAAJ,Texas A&M-University Commerce,United States
63,OB Ogundipe,V1LfAz8AAAAJ,Redeemer's University,Nigeria
77,EO Ogunbiyi,JfLI2IMAAAAJ,"University of Sunderland, UK",United Kingdom
78,UM Adanma,aUI41y4AAAAJ,"Michael Okpara University of Agriculture Umudike, Nigeria",Nigeria
79,E Kupa,Yx3ciMMAAAAJ,Director of HSE FrozenHill Farms,United Kingdom
84,IO Ekemezie,361aIb4AAAAJ,Shell,Norway
88,Olubunmi Adeolu Adenekan,lznRCaoAAAAJ,"Independent Telecommunications Engineer and Data Analyst, UK",United Kingdom
89,Nko Okina Solomon,y7ldt84AAAAJ,Environmental Health and Safety.. Marshall University,United States
91,NL Eyo-Udo,hS7iXSYAAAAJ,"E-Ranch Autocare, Nigeria",United States
92,JO Ogugua,RtIlijEAAAAJ,"Independent researcher, Nigeria",Nigeria
93,JA Olaboye,DOXQ_R4AAAAJ,University of KwaZulu-Natal,South Africa
99,OB Seyi-Lande,rcd4rvQAAAAJ,Transunion,United States
100,E Johnson,Neku0IsAAAAJ,University of KwaZulu Natal,South Africa
104,OO Sofoluwe,Ec2JvskAAAAJ,TotalEnergies,
105,A Ukato,E01cjbAAAAAJ,Independent Researcher,Nigeria
106,C Ozowe,Cm8RnSYAAAAJ,Shell,Norway
107,DD Jambol,Gyo2WpMAAAAJ,Drilling Engineer,Slovak Republic
116,CC Maha,ftRSrEkAAAAJ,Public Health Specialist,Canada
119,S Abdul,iht8WwwAAAAJ,"Research Assistant, University of North Florida",United States
127,Patrick Amaechi Egbunike,13W97pAAAAAJ,"Senior Lecturer, Nnamdi Azikiwe University, Anambra State, Nigeria",Nigeria
128,Robinson Ugwoke,fgwFUJkAAAAJ,"Department of Accontancy, University of Nigeria, Enugu Campus",Nigeria
130,Emmanuel Ikechuckwu Okoye,l9dpZ5YAAAAJ,Nnamdi Azikiwe University Awka,Nigeria
133,Njideka Rita Chiekezie,76Nu56cAAAAJ,ANAMBRA STATE POLYTECHNIC,Nigeria
214,Austin Nwekemezie Odum,AVaajioAAAAJ,"Nnamdi Azikiwe University, Awka, Anambra State, Nigeria.",Nigeria
322,Ekene Ezinwa Nwankwo,qkuLY58AAAAJ,"Anambra State Polytechnic, Mgbakwu",Nigeria
350,Kikelomo Fadilat Anjorin,4OcihXEAAAAJ,"MBA Graduate, The University of Chicago Booth School of Business",Japan
357,Adetola Adewale Akinsulire,TQxA4dAAAAAJ,Independent Researcher,Nigeria
377,Adekunle Stephen Toromade,VM6LCbsAAAAJ,Ladoke Akintola University of Technology,Nigeria
382,MD Ajegbile,K9BqD3cAAAAJ,Researcher / Data Analyst/Data Scientist/Software Engineer,
414,Emmanuel Asolo,GXBnk94AAAAJ,Osun State University,Nigeria
415,Ifechukwu Gil-ozoudeh,ZIO2lcsAAAAJ,Enugu State University of Science and Technology,Nigeria
417,ADEBUSOLA A. ADEPOJU,BcECKsQAAAAJ,Ladoke Akintola University of Technology,Nigeria
474,Ngozi Ijeoma,BzqejA4AAAAJ,"Department of Community Medicine and Public Health Abia state university teaching hospital, Aba, Nigeria.",Nigeria
561,JOB OLATUNJI OLADEEBO,Fw5EQe8AAAAJ,"Professor of Agricultural and Resource Economics, Ladoke Akintola University of Technology",Nigeria
562,Olusola Ojurongbe,OxKDfA4AAAAJ,"Medical Microbiology & Parasitology, Ladoke Akintola University of Technology",Nigeria
563,Oyinlola Obafunsho,W2vvhiEAAAAJ,"masters of science project management, saint louis university",Senegal
566,JO Oladeebo,Fw5EQe8AAAAJ,"Professor of Agricultural and Resource Economics, Ladoke Akintola University of Technology",Nigeria
593,Opeyemi Abayomi Odejide,z3szCsMAAAAJ,Independent Researcher,Canada
596,TM Olatunde,Ub6EglMAAAAJ,Electrical Engineer / Researcher,United Kingdom
599,OP Igbinenikaro,dFw-L1IAAAAJ,Engineer of Electrical Electronic,China
600,HE Adama,YbR14SIAAAAJ,"Texas A&M University. System/Information Analyst, Greenville Texas, USA.",
601,CD Okeke,0HqVjmAAAAAJ,"Principal Sales Manager, Tranter IT Infrastructure Services Limited",United Kingdom
602,OA Popoola,9pSJakAAAAJ,"Business Full Spectrum, UK",United States
604,OT Joel,1q0QUrYAAAAJ,Energy & Tech Executive,United States
605,VU Oguanobi,SUwuQxgAAAAJ,Energy and Information technology Expert,Greece
606,YJ Ololade,9IzPQI8AAAAJ,Texas A&M University,United States
607,O Onesi-Ozigagun,0Jz6NNMAAAAJ,Independent Researcher,Canada
610,CC Ekechi,zusKvJ8AAAAJ,"Project management, University of Portsmouth",United Kingdom
611,G Nzeako,pr_em-QAAAAJ,University of Eastern Finland,Finland
613,CF Chikwe,-3kTXEsAAAAJ,"MBA, Syracuse University; MA, University of Lodz",United States
615,EG Chukwurah,mLhyCV4AAAAJ,"Governance and Protected Data Organization, Google LLC",Israel
616,S Aderemi,l9I_5hgAAAAJ,Independent Researcher in Technology Risk & Data Sciences,Canada
619,KB Adeusi,xu3LNe8AAAAJ,"Independent Researcher, Fellow, ACCA UK",United States
625,HB Olodo,wglwKscAAAAJ,Al-Hikmah University,Nigeria
626,MA Raji,cxIyT0wAAAAJ,University of Texas Rio Grande Valley,United States
648,N Rane,-jyEA9UAAAAJ,Project Evaluator at European Science Foundation (ESF) - World Bank,United States
649,M Paramesha,Av8j2AIAAAAJ,Student at California State University Fresno,United States
650,S Choudhary,gtDY6ikAAAAJ,Professor of Architecture,Sweden
658,IR Das,ofk8kg4AAAAJ,Daffodil Institute of IT,Bangladesh
659,MB Talukder,f-4GaSQAAAAJ,"Associate Professor of CTHM, International University of Business Agriculture and Technology",Bangladesh
664,LB Benjamin,6fLgxAAAAAJ,"Freelance Business Consultant, United Kingdom",United Kingdom
676,CG Okatta,lMu6svoAAAAJ,"Bowie state university, USA",United States
677,FA Ajayi,kmbSH8kAAAAJ,Westford University College,United Arab Emirates
678,O Olawale,IwMrK9wAAAAJ,NHS,United States
679,NC Onyebuchi,s1yMJWcAAAAJ,"National Examinations Council, Nigeria.",Nigeria
682,EP Adeghe,Ja3DekgAAAAJ,"Licensed Dentist, VT DOC Chittenden CRCF & NorthWest NWSCF",United States
683,BO Adegoke,hF0Ee4YAAAAJ,Marshall University,United States
685,EH Udedeh,Ja3DekgAAAAJ,"Licensed Dentist, VT DOC Chittenden CRCF & NorthWest NWSCF",United States
692,CA Eden,VUdFhXcAAAAJ,University of Strathclyde,United Kingdom
710,S FAYYAD,LAw3eVgAAAAJ,"Associate professor, Hotel Management Dept, Faculty of Tourism & Hotels, Suez Canal University",Egypt
758,Adekunle Olowe,hvxju34AAAAJ,Ladoke Akintola University of Technology,Nigeria
759,Thirumalaisamy P. Velavan,t-raQFIAAAAJ,"Professor, Akademischer Oberrat -University of Tübingen/VG-CARE",
760,Oluyinka Oladele Opaleye,Qlot3uIAAAAJ,Professor of Medical Virology,Slovak Republic
761,Samuel Sunday Taiwo,WbzVFCQAAAAJ,"Professor of Medical Microbiology, Ladoke Akintola University of Technology",Nigeria
762,Monsuru Adeleke,9ob2fRkAAAAJ,"Professor of Public Health Entomology and Parasitology, Osun state University, Osogbo",Viet Nam
763,Eman Abou Ouf,49YgapMAAAAJ,"Asst. Professor of Parasitology, Banha University",Iran
954,Yifan Zhang,uTDaLSQAAAAJ,"Amazon Connect Technology Services (Beijing) Co., Ltd.",China
990,B Wang,m0cIQBwAAAAJ,Amazon.com Services LLC,United States
1031,Abosede Kolade,zQAhidEAAAAJ,Unknown affiliation,Canada
1035,Chibuike Daraojimba,NB2LiiMAAAAJ,"University of Pretoria, South Africa",South Africa
1041,NC Obiuto,c8R4PfkAAAAJ,"PhD, Senior Lecturer, Industrial and Production Engineering Department, Nnamdi Azikiwe University",Nigeria
1042,W Ebirim,cBEGbcEAAAAJ,"Virginia Tech, GWU",United States
1043,N Ninduwezuor-Ehiobu,7lI3jeUAAAAJ,GE Vernova,United States
1044,EC Ani,RWNruKcAAAAJ,Electrical Engineer at Black & Veatch | Graduate of University of Nebraska-Lincoln,United States
1045,KA Olu-lawal,6dwrSkMAAAAJ,Niger Delta Power Holding Company of Nigeria,Nigeria
1046,ED Ugwuanyi,r81CkdEAAAAJ,University of Maryland Baltimore County,United States
1047,OT Ojeyinka,5EmLIcoAAAAJ,"Houston Community College, Houston Texas",United States
1048,TT Omaghomi,hmpYTjEAAAAJ,UNC Chapel Hill,United States
1050,R Chidi,ZJQjQE0AAAAJ,"MS candidate in Health Administration, Park University",United States
1051,O Babawarun,STHS3U0AAAAJ,"Epidemiology, Healthcare Analytics and Research",United States
1053,AO Adeniyi,5kFEMxn1b_cC,Rutgers University,United States
1054,TC Nwankwo,qkuLY58AAAAJ,"Anambra State Polytechnic, Mgbakwu",Nigeria
1055,CC Okoye,PtbAn7wAAAAJ,Access Bank plc,United States
1059,TO Jejeniwa,rVznsjoAAAAJ,Accountant|Counter Fraud Expert. United Nations African Regional Centre for Space Science Technology,Ethiopia
1063,OJ Oladapo,iPT-Y9YAAAAJ,Independent Researcher,Nigeria
1068,UJ Umoga,43JD_zIAAAAJ,Unknown affiliation,Canada
1069,EO Sodiya,f0CBiOEAAAAJ,"Msc Cyber Security Engineering, University of Warwick; Bsc Computer Science, Covenant University",United Kingdom
1070,RA Adebayo,4DdqTUMAAAAJ,"Federal university of technology minna, National Engineering Design Development institute Nnewi",Nigeria
1071,OK Olajiga,mw6lWe8AAAAJ,Independent Researcher,United Kingdom
1074,O Adisa,BUInFuwAAAAJ,Visiting Assistant Professor of Economics & Finance Sacred Heart University,Luxembourg
1075,BS Ilugbusi,2P_wykYAAAAJ,"Lecturer, Afe Babalola University, Ado-Ekiti",Nigeria
1076,AK Adeleke,xdSF3gIAAAAJ,Center for Precision Metrology & University of North Carolina at Charlotte,United States
1077,DJP Montero,F0U0h8UAAAAJ,Ph.D. Student at The University of Alabama,United States
1078,A Atadoga,HCeJaFcAAAAJ,"MS. in Computer Science, Bowling Green State University",United States
1079,OO Amoo,PIMRaPEAAAAJ,University of Nebraska at Omaha,United States
1080,OA Lottu,Ffcp3r4AAAAJ,"Lecturer in Engineering, Stanmore College",United Kingdom
1084,A Obaigbena,s6ltTREAAAAJ,"MSc Environmental Management, University of Hertfordshire.",United Kingdom
1086,DO Olutimehin,h58MsEgAAAAJ,MSc MBA,United Kingdom
1087,CE Ugochukwu,WRRy-O0AAAAJ,"Independent Researcher, Lagos, Nigeria",Nigeria
1090,OO Ayeni,x7RHRGsAAAAJ,"Registrar, Lead City University",Nigeria
1094,Adedolapo Omotosho,nhBmBIEAAAAJ,Researcher / Cyber Security Consultant,
1095,CU Akpuokwe,iX_ncMAAAAAJ,Independent Researcher,United States
1096,NE Eneh,kaHntk0AAAAJ,"Department of Public Law, University of Cape Town, South Africa.",South Africa
1097,MA Eruaga,vl_Mmo8AAAAJ,Pharmacist,India
1105,E Ejairu,FJRPdWMAAAAJ,"MSc Logistics systems engineering, Bowling Green State University",United States
1143,Odunayo Josephine Akindote,Ct92vLYAAAAJ,Wilmington University,United States
1147,Chinedu Paschal Maduka,zLjrgmIAAAAJ,Mr,Germany
1148,CV Ibeh,jZNogasAAAAJ,Harrisburg University of Science and Technology,United States
1149,Kehinde Feranmi Awonuga,-XdcjJ8AAAAJ,Unknown affiliation,Canada
1150,UI Okoli,mkGUsJYAAAAJ,Independent Researcher,United Kingdom
1152,NL Ndubuisi,IleCqssAAAAJ,Product Manager/ Scrum Master,
1153,WA Addy,AUSkmKwAAAAJ,"Credit Risk Analyst, Bunge North America",United States
1156,F Osasona,IryRVJAAAAAJ,"Independent researcher, Scottish Water",United Kingdom
1158,S Sonko,pY7yr-gAAAAJ,Masaryk University,Czechia
1159,CD Daudu,fmf8H9UAAAAJ,"Nigeria Liquified Natural Gas (NLNG), Nigeria",Nigeria
1160,EA Etukudoh,2TzQUuoAAAAJ,"Independent Researcher, Abuja Nigeria",Nigeria
1162,ZE Egieya,kyrrvMkAAAAJ,"MSc, Organizational Behaviour,University of Lagos",Nigeria
1167,AO Ajayi-Nifise,VLPLFTAAAAAJ,Trevecca Nazarene University,United States
1168,OA Elufioye,OI-ZZpIAAAAJ,IQVIA Middle East and Africa,Jordan
1171,RA Adeleye,lB-_ziwAAAAJ,university of Texas at Dallas,United States
1172,OP Oyeyemi,lST9wp0AAAAJ,"Business Development, Customer Marketing, Brand Management",Spain
1173,OF Asuzu,3_xe5bwAAAAJ,"Organizational Psychology, Entrepreneurship, Safety and Risk Management",United States
1175,FO Usman,DEWzgOkAAAAJ,Hult International Business School,United States
1176,NA Ochuba,yU_u3bAAAAAJ,University of Aberdeen,United Kingdom
1177,O Akinrinola,Jr-dcIkAAAAJ,Columbia University,United States
1179,CA Arinze,o4SYHu4AAAAJ,"Technologist, Researcher, IEEE Member, ISACA Member",Belgium
1180,MT Majemite,f9Vb-i8AAAAJ,"(M.B.A, M.Sc, PMP), University of Texas, Rio Grande Valley",United States
1181,MA Dada,wFYktsMAAAAJ,Senior Process Engineer - Water at Sychar Water Technologies,Spain
1186,ZQS Nwokediegwu,zRN9b0IAAAAJ,"Independent Researcher, Durban, South Africa",South Africa
1192,Tolu Edunjobi,dtNIWLAAAAAJ,Independent Researcher,Canada 
1213,H Wang,ot1innEAAAAJ,"Independent Researcher, University of Southern California",United States
1273,Beryl Odonkor,zlfnqtYAAAAJ,Cornell University,United States
1278,FA Atobatele,9rpnMtUAAAAJ,"Doctoral student , University of Texas Arlington",United States
1288,Temidayo Olorunsogo,6A-HNlYAAAAJ,"PhD Student, University of Colorado Boulder",United States
1293,OH Orieno,NGeCBbgAAAAJ,"Lecturer in Management, University of Bedfordshire",United Kingdom
1307,BO Adelakun,vHJpDbgAAAAJ,"Illinois State University,USA",United States
1335,SC Obasi,5tngJpQAAAAJ,"Federal University Otuoke, Bayelsa State",Nigeria
1355,Glory Ugochi Ebirim,l5oox1YAAAAJ,Han Group,Brazil
1356,Ndubuisi Leonard Ndubuisi,IleCqssAAAAJ,Product Manager/ Scrum Master,
1360,GU Ebirim,l5oox1YAAAAJ,Han Group,Brazil
1362,OT Akintayo,kZOwOXoAAAAJ,"Masters Student, University of Nebraska, USA.",United States
1363,PD Mouboua,aqpxJDkAAAAJ,"ENL Teacher, Seymour Dual Language Academy",Portugal
1388,Titilola Falaiye,UiKhNUgAAAAJ,titilola.falaiye@waldenu.edu,
1405,WN Digitemie,ozWXWgsAAAAJ,Shell Nigeria,Norway
1417,OO Olagunju,vPs4aNwAAAAJ,"Adekunle Ajasin University, Akungba-Akoko, Ondo State, Nigeria",Nigeria
1425,Oluwaseun Ayo Ogunjobi,m6JPGooAAAAJ,"S A&G Beeline Consulting, W&S Energy Services LTD. CTPE Consulting LTD.ProcessOps, S",Germany
1426,Olawe Alaba Tula,4Sxut5kAAAAJ,"Researcher Walden University, Adjunct Faculty Emmanuel University",United States
1427,Olugbenga AMU,54x6VC0AAAAJ,"Professor of Civil Engineering, Federal University Oye-Ekiti, Nigeria.",Nigeria
1430,Adeyinka Alex Banso,e6GZakgAAAAJ,"Managing Consultant , J-COS CONSULT Ltd Nigeria.",United States
1431,KI Ibekwe,fePF4DYAAAAJ,"Renewable Specialist, Golden Yoke Limited",United States
1432,AA Umoh,wyws3FUAAAAJ,"Independent Researcher, Uyo Nigeria.",Nigeria
1433,A Adefemi,poI5ipAAAAAJ,Chevron Nig Ltd,Japan
1434,VI Ilojianya,PQAE9LUAAAAJ,The University of Alabama (Tuscaloosa),United States
1472,Kelechi Anthony Ofonagoro,8Yr325EAAAAJ,Engineer,United States
1487,O Akomolafe,iUznlBEAAAAJ,Birmingham city university,United Kingdom
1488,EC Anyanwu,29OL6VsAAAAJ,University of Nebraska Medical Center,United States
1491,FO Olatoye,e0uPfF8AAAAJ,"Independent Researcher, Houston, Texas, USA",United States
1505,O Osunlaja,vLLjxnwAAAAJ,Swansea University,United Kingdom
1524,AO Adegbite,HCDNkOgAAAAJ,Researcher,Nigeria
1584,Amina Catherine Ijiga,n8Sjlx0AAAAJ,"Department of Political Science (International Relations and Diplomacy), Federal University of Lafia",Nigeria
1585,Idoko Peter,cA7PNy8AAAAJ,"MSc Electrical Electronic Engineering, University of Ibadan",Nigeria
1586,Simon Kaggwa,zSCalI8AAAAJ,Hult International Business School,United States
1587,Emmanuel EBOIGBE,-WUxbC4AAAAJ,University of Manitoba,Canada
1588,Daniel Obekpa Agbo,zu1zDTAAAAAJ,"Missouri University of Science and Technology, Rolla, USA",United States
1589,Ezebuka Chijioke,fN-wbMcAAAAJ,Jonssonworkwear Pty Ltd,South Africa
1590,Seun Solomon Bakare,9bsh-4oAAAAJ,"Researcher, Leiden University, Netherlands",Netherlands
1592,Foluke Eyitayo Adediran,48r75q0AAAAJ,Researcher/Reproductive health coordinator Samfad initiatives,
1593,Deborah Idowu AKINWOLEMIWA,KJ3_sMEAAAAJ,"Doctoral Student (Economics), Wayne State University",United States
1594,Unachukwu Chika,tgdHUEAAAAAJ,Lagos State Ministry of Education. National Association of French Language Teachers,Nigeria
1596,Emmanuel Osamuyimen Eboigbe,-WUxbC4AAAAJ,University of Manitoba,Canada
1598,Onyinyechi Vivian Akagha,oBEs72MAAAAJ,University of Limerick,Ireland
1600,OA Farayola,PRsEasEAAAAJ,"University of Texas at Dallas, USA",United States
1601,BS Ayinla,y8zI3sYAAAAJ,The University of Law,United Kingdom
1604,DE Ogedengbe,8xL3DkoAAAAJ,Independent Researcher,Nigeria
1605,OL Olorunfemi,ZbJCA20AAAAJ,University of Chester,United Kingdom
1614,OG Odunaiya,Pl5ugxQAAAAJ,"CEO, Havenhill Synergy Ltd.",United States
1615,GS Usiagu,H8kfNd8AAAAJ,"BSc Industrial Engineering, MSc Oil and Gas Engineering",United States
1751,OB Ayorinde,8_9NKjoAAAAJ,"Independent Researcher, USA",United States
1758,SA Ayodeji,e_ZZySIAAAAJ,Matrix Energy Limited,United States
1759,PE Ohenhen,4anaeSoAAAAJ,"Graduate Teaching Assistant Mechanical Engineering, University of Nebraska-Lincoln",United States
1798,LD Oyeniyi,53IL1WcAAAAJ,Bournemouth University,United Kingdom
1826,Oluwatoyin Funmilayo Ayodele,geGOg9oAAAAJ,UVA Darden,Brazil
1844,OJ Ochulor,OVwX3JUAAAAJ,"Drilling Supervisor, Sheval Engineering Services Ltd - Levene Energy Holdings Ltd",United Kingdom
1863,Abiola Moshood Komolafe,Q5zzJBwAAAAJ,"Student of Business Analytics, University of Louisville",United States
1864,Adebunmi Okechukwu Adewusi,LuvhqnUAAAAJ,Bowling Green State University,United States
1865,Oluwatosin Abiona,MVs5K9sAAAAJ,Network Engineer,United States
1866,Temitayo Abrahams,d5nXoUwAAAAJ,"Independent Researcher, Australia",Australia
1868,Oluwatosin Reis,6Xu-KbAAAAAJ,Data Privacy and Cybersecurity Expert,France
1886,CA Udeh,URUNQ9kAAAAJ,"E Ranch Autocare, Nigeria",United States
1915,O Layode,WKP2GBgAAAAJ,Independent Researcher,United States
1958,MC Titor-Addingi,uR96b4sAAAAJ,Graduate Social Worker,United States
1995,Sodrudeen Abolore Ayodeji,e_ZZySIAAAAJ,Matrix Energy Limited,United States
2024,S Ahmed,kA7A7ugAAAAJ,"Phd Scholar, Universiti Kebangsaan Malaysia",Malaysia
2030,Michael Oladipo Akinsanya,9hfwdKEAAAAJ,"Advanced Services Engineer, Fortinet",United States
2042,W Wang,AtB0KFsAAAAJ,University of Trento; ETHZ,Italy
2058,Swarna Kanchan,y5vX4MYAAAAJ,"BoiseStateUniversity, United States",United States
2211,OF Daramola,xCVU_ocAAAAJ,Caleb University,Nigeria
2218,Yutian Yang,JwqVGs4AAAAJ,"Master of Science in Statistics, University of California, Davis",United States
2277,TT Oke,nccFnvsAAAAJ,"SRM Institute of Science and Technology, Kattankulathur, Chennai",India
2308,Solomon Uchechukwu Eze,sb6-TCYAAAAJ,Nnamdi Azikiwe University,Nigeria
2309,Ese Eigbadon Oshioste,PDjgMUcAAAAJ,UCS LTD,Switzerland
2310,Amechi Fabian Anoke,M_QPfrEAAAAJ,"Dr of Strategic Management and Entrepreneurship, Nnamdi Azikiwe University Awka, Nigeria",Nigeria
2311,NGOZI Ukamaka Azubuike,ajdCNGEAAAAJ,"Alex Ekwueme Federal University, Ikwo, Ebonyi State Nigeria",Nigeria
2312,"Daniel Raphael Ejike Ewim, PhD",YuYkxQ8AAAAJ,The Ohio State University,United States
2320,T Olorunsogo,n3LnSbEAAAAJ,University of Nebraska Medical Center,United States
2339,Nirmaljeet Virk,v_h3SNwAAAAJ,K.R. Mangalam University,India
2351,Wihelmina Afua Addy,AUSkmKwAAAAJ,"Credit Risk Analyst, Bunge North America",United States
2426,OA Bello,Fvh6U7IAAAAJ,"Data Analyst, Northern Trust",United States
2521,M Hidayat,W43U2UgAAAAJ,"STIE Persada Bunda, Pekanbaru, Indonesia",Indonesia
2523,Kabiru Oyetunde,Bd267R0AAAAJ,Loughborough University,United Kingdom
2585,Mutiat James,aVdHF7EAAAAJ,Lagos State University of Science and Technology,Nigeria
2600,Moses Ikechukwu Obinyeluaku,xNnOErkAAAAJ,"Senior Manager, African Export Import Bank",Italy
2630,S Li,WbtxbWoAAAAJ,Huacong Qingjiao Information Technology (Beijing) Co,China
2708,OB Joseph,huSjiegAAAAJ,University of South Africa,South Africa
2719,S Kumar,apDZI1cAAAAJ,"Ph.D Scholar, Willdife Institute of India",United States
2771,Temitayo Oluwaseun Abrahams,d5nXoUwAAAAJ,"Independent Researcher, Australia",Australia
2778,Zeqiu Xu,N11QpNgAAAAJ,Carnegie Mellon University,United States
2792,Benjamin Samson Ayinla,y8zI3sYAAAAJ,The University of Law,United Kingdom
2831,OE Ejiofor,-vtt3bQAAAAJ,Information Assurance and security,United States
2911,Oluwaseun Peter,8-DFzaAAAAAJ,Senior Academic Planning Officer; Covenant University,Nigeria
2935,Dr. Njideka Phina Onyekwelu,-uugl0YAAAAJ,"Senior Lecturer, Department of Business Administration, Nnamdi Azikiwe University, Awka, Nigeria",Nigeria
2938,Bamidele Segun Ilugbusi,2P_wykYAAAAJ,"Lecturer, Afe Babalola University, Ado-Ekiti",Nigeria
2939,Olawale Adisa,BUInFuwAAAAJ,Visiting Assistant Professor of Economics & Finance Sacred Heart University,Luxembourg
3029,Ogundele Abiodun Thomas (Ph.D),qLMRr1MAAAAJ,"Lecturer, Afe Babalola University",Nigeria
3031,Prof. Babatunde Afolabi,6Qm7s_4AAAAJ,"Department of Finance. Oye- Ekiti, Nigeria",Nigeria
3032,Adebayo Ogundipe Ph.D,mgq8yjsAAAAJ,"Associate Professor, Afe Babalola University",Nigeria
3045,A Bukola,pVXOqIMAAAAJ,The Federal Polytechnic Ado Ekiti,Nigeria
3046,BA Okunade,qHdhBwcAAAAJ,"Masters graduate, Ladoke Akintola Universtity of Technology",Nigeria
3131,Okeowo Idowu Adeniyi,q8brY84AAAAJ,Senior Lecturer Caleb University,Nigeria
3151,Abiodun Emmanuel Akinoso,zmruHL0AAAAJ,"MSc Big Data Analytics, Sheffield Hallam University",United Kingdom
3216,Oloruntosin Tolulope Joel,1q0QUrYAAAAJ,Energy & Tech Executive,United States
3233,N Kamal,7GwXymkAAAAJ,"Assistant Professor, Bahria University Islamabad",Pakistan
3242,Adebukola Adejumoke Adegoke,y_3H9OoAAAAJ,Marshall University,United States
3243,"Dr. Daniel Ekoh, BDS, DMD, MPH",4IX-PUIAAAAJ,"Public health Specialist, Dental Surgeon, General Dentist, Oral Health",France
3245,uchenna kevin omeje,Tou8OGYAAAAJ,Oral and maxillofacial surgery,United States
3251,EV Emeihe,9XQVRvcAAAAJ,Doctor(MBBS),United States
3256,Chioma Anthonia Okolo,FrSEz8kAAAAJ,"Medical Doctor , Anaesthesiologist",China
3269,OO Ogunleye,T8h05WcAAAAJ,Liberty University,United States
3294,Tolulope Olagoke Kolawole,nIBN9DwAAAAJ,"Richmond, Virginia, United States of America (U.S.A)",United States
3302,Olukemi Osunlaja,vLLjxnwAAAAJ,Swansea University,United Kingdom
3308,Oludayo Olatoye Sofoluwe,Ec2JvskAAAAJ,TotalEnergies,
3385,Adebiyi Ayodele,UOpfIS4AAAAJ,"researcher, computer science, Landmark University",Nigeria
3387,Lawrence Damilare Oyeniyi,53IL1WcAAAAJ,Bournemouth University,United Kingdom
3394,Ibukun T Afolabi,2wVyj4oAAAAJ,Northeastern University London,United Kingdom
3435,Ibrahim Elshaer (named in the world’s...,P3QUkewAAAAJ,"Professor , School of business, KFU, KSA - and Professor, Suez Canal University",Egypt
3437,Tamer Abdulaziz,uQhPN2MAAAAJ,عضو هيئة تدريس بقسم الدراسات السياحية بالمعهد العالي للسياحة والفنادق 6 أكتوبر,Egypt
3439,Samy Wageh Mahmoud,Ou3-mUoAAAAJ,"Lecturer, Faculty of Tourism and Hotels",Egypt
3440,Salama Ammar Mohammad Ammar,s12N6PYAAAAJ,أستاذ دكتور في الدراسات السياحية,United Arab Emirates
3441,Osman ElSawy,gUWeM1wAAAAJ,Lecturer of hotel management - suez canal university,Egypt
3442,Ibrahim A Elshaer,P3QUkewAAAAJ,"Professor , School of business, KFU, KSA - and Professor, Suez Canal University",Egypt
3443,Alaa MS Azazz,oGuCNAkAAAAJ,Assistant Professor - College of arts-King Faisal University,Saudi Arabia
3470,AEE Sobaih,fQa1xTQAAAAJ,King Fasial University and Hewlan University,United States
3472,M Alyahya,ZS2JuiAAAAAJ,king Faisal University,Saudi Arabia
3558,Alaa Azazz,oGuCNAkAAAAJ,Assistant Professor - College of arts-King Faisal University,Saudi Arabia
3592,TH Ayad,FW_mM6IAAAAJ,"Professor. College of Business Administration, King Faisal University",Saudi Arabia
3593,A Hasanein,IwTrxgYAAAAJ,"Associate Professor, School of Business, King Faisal University - KSA and Helwan University - Egypt",Saudi Arabia
3690,Faleh A Ameen,CPhqPJ8AAAAJ,Associate professor. king Faisal University KSA and Assiut University Egypt,Saudi Arabia
3695,MA Shabeeb Ali,TCRZwncAAAAJ,"Assistant Professor, Accounting Department, School of Business, King Faisal University, Al-Hasa",Saudi Arabia
3696,MA Ammer,AQ_0kJEAAAAJ,"Associate Professor of Finance, School of Business, King Faisal University",Saudi Arabia
3714,X Yan,skPlpP4AAAAJ,"College of Graduate and Professional Studies, Trine University, USA",Ghana
3731,M Algezawy,uOsQY4YAAAAJ,king Faisal university,Saudi Arabia
3748,Y Feng,3XokvdMAAAAJ,Duke University,United States
3862,Ali Shehata,Bt1ebz8AAAAJ,"Marketing Department, Faculty of Business Administration, Shaqra University, KSA",Saudi Arabia
3914,IOANNIS DIMITRIOS KAMPEROS,kEJjR6QAAAAJ,Ph.D. Candidate in Stratgic Risk Management of Supply Chains in Crisis - Agricultural University of,Slovak Republic
3915,Panagiotis Trivellas,Z9e2B4MAAAAJ,"Professor, Agricultural University of Athens",Greece
3916,Dimitrios K. Nasiopoulos,SaJSJKwAAAAJ,"Department of Agribusiness and Supply Chain Management, Agricultural University of Athens",Norway
3917,Dimitrios Vlachos,_FrZJcYAAAAJ,"Professor, University of Peloponnese",Greece
3918,Georgios A. Giannakopoulos,wMwcybkAAAAJ,"Professor, Archival, Library & Information Studies, University of West Attica",Greece
3919,Damianos P Sakas,FG3B8WIAAAAJ,Agricultural University of Athens,Greece
3921,Dimitrios P Reklitis,Cwvw4IkAAAAJ,Department of Agribusiness and Supply Chain Management \\ BCA College,Norway
3922,Nikolaos T Giannakopoulos,8KVFhMYAAAAJ,PhD Candidate in Strategic Digital Marketing of Centralized and Decentralized Finance,Viet Nam
3924,Marina C Terzi,UypsK3AAAAAJ,"Postdoc Researcher, Department of Agribusiness and Supply Chain Management, Agricultural University",Norway
3925,Nikos Kanellos,8KVFhMYAAAAJ,PhD Candidate in Strategic Digital Marketing of Centralized and Decentralized Finance,Viet Nam
4256,Ezekiel Onyekachukwu Udeh,YJQHTrwAAAAJ,Independent Researcher,United States
4516,John Aliu Ph.D.,7amO9kAAAAAJ,Clinical Assistant Professor at the University of Georgia,United States
4517,Ayodeji Emmanuel Oke,NS5mk_YAAAAJ,"Federal University of Technology Akure, Nigeria",Nigeria
4518,"Adenle Johnson Gbadebo M.sc, COR...",fdmYz24AAAAJ,Lecturer of Electrical/Electronic Engineering,
4521,Tosin Michael Olatunde,Ub6EglMAAAAJ,Electrical Engineer / Researcher,
4560,C Zhang,mfujGyYAAAAJ,"Software Engineer, Meta",United States
4587,Oluwabukunmi A Ogunsanya,yEQR2xIAAAAJ,"Lecturer in Built Environment, Kingston University London",United States
4621,Babalola Olatunde Samuel,XY7b3K4AAAAJ,"Professor of Business Management, Rightfacts Institute",Pakistan
4649,Yichao Wu,4O8mBxQAAAAJ,Northeastern University,Mexico
4756,Eberechi Cecilia Osuagwu,OMi2XCgAAAAJ,"Michael Okpara University of Agriculture Umudike, Nigeria",Nigeria
4816,Dr Adeline Idike (Reader),GF1gTXcAAAAJ,Federal University Ndufu-Alike Ikwo,Nigeria
4817,Jude Odigbo PhD,SfN1fW4AAAAJ,"Senior Lecturer, Department of Political Science, Madonna University Nigeria",Nigeria
4818,sylvia agu,mjW57RUAAAAJ,"Professor, Pub.Admin, University of Nigeria, Nsukka",Nigeria
4819,"Uche Oboko, PhD",GmFk7d4AAAAJ,"Dennis Osadebay University, Asaba, Nigeria",Nigeria
4820,Jeremiah Nwachukwu Eze,8FTIYXYAAAAJ,"Lecturer, Madonna University Nigeria.",Nigeria
4821,"Emeka C. Iloh, Ph.D",qExoNe4AAAAJ,"Senior Lecturer, Afe Babalola University, Ado Ekiti, Nigeria",Nigeria
4822,Ikeh Chinyere,ux2BMcMAAAAJ,"Madonna University, Nigeria",Nigeria
4823,Dr. Francisca N. Ogba,qbtr8X4AAAAJ,"Federal University Ndufu-Alike, Ikwo",Nigeria
4824,christiana Ugodulunwa,sI1re9UAAAAJ,"Nnamdi Azikiwe University Awka, Anambra State, Nigeria",Nigeria
4825,"Akwara, Azalahu Francis",ASb1F2IAAAAJ,"Associate Professor of Political Science, Alex Ekwueme, Federal University, Ndufu-Alike, Ikwo",Nigeria
4826,Florence Agbodike,TT8kntMAAAAJ,"Senior Lecturer in Public Administration, Nnamdi Azikiwe University, Awka",Nigeria
4827,Dr Edwin M Izueke,6QpUH6AAAAAJ,"University of Nigeria, Nsukka",Nigeria
4828,Kingsley Nnorom,pVB9nRsAAAAJ,"Professor of Sociology, Federal University Wukari, Nigeria.",Nigeria
4829,Virginia Anulika Obi Ph.D,BQbpcokAAAAJ,"Hezekiah University, Umudi Nkwerre Imo State",Nigeria
4887,Anwulika Ogechukwu Scott,ihWZEuUAAAAJ,"Risk Manager, Trade Depot Limited",Canada
4888,Prisca Amajuoyi,HQOj6N4AAAAJ,"International Business and Management,University of Portsmouth",Russian Federation
4923,Abayomi Bamisaye,No1eXNsAAAAJ,"Lead City University, Ibadan",Nigeria
4924,Kayode Adesina ADEGOKE,PXHZfFwAAAAJ,First Technical University,Nigeria
4925,Abidemi Ojo,paSkseIAAAAJ,"Federal University of Agriculture, Abeokuta",Nigeria
4926,Adegoke Idowu Abimbola,9c-i-nYAAAAJ,"College of Agriculture, Fisheries and Forestry, Fiji National University, Fiji Island",Fiji
4927,Muyideen Olaitan Bamidele,ymQ-oa4AAAAJ,"University Lecturer, Chemical Sciences Department, Lead City University, Ibadn",Nigeria
4929,Seun Adebajo,pM_uda4AAAAJ,"Federal University of Agriculture, Abeokuta",Nigeria
4930,Adewuyi Sheriff,1PXUhE4AAAAJ,"Professor of Inorganic/Material Science, FUNAAB",
4932,Abdullahi Olabintan,MnVyX8IAAAAJ,King Fahd University of Petroleum and Minerals,Saudi Arabia
4950,AR Ige,YXrmeAoAAAAJ,Kebbi State University of Science and Technology,Nigeria
4952,O Adeleke,eXhi_e4AAAAJ,University of Johannesburg,South Africa
4987,Abdullahi B Olabintan,MnVyX8IAAAAJ,King Fahd University of Petroleum and Minerals,Saudi Arabia
5007,Morenike Oluwabunmi Akinseye (nee...,_p6v7ZEAAAAJ,"Lecturer II, department of chemistry, Lead City University,Ibadan, Nigeria",Nigeria
5008,Oyebamiji Abel Kolawole,CxZpS9gAAAAJ,"Assistant Professor, Bowen University",Nigeria
5009,Akinloye Oluseyi Adeboye,Kfyke1MAAAAJ,"Professor of Biochemistry and Phytomedicine, Federal University of Agriculture, Abeokuta, Nigeria",Nigeria
5010,Prof. Olugbenga Solomon Bello. Profe...,EnOSZYgAAAAJ,"LAUTECH, Ogbomoso. LANDMARK University. Universiti Sains Malaysia",Malaysia
5011,Oluwasayo Esther Ogunjinmi PhD,lO9ibT8AAAAJ,"First Technical University, Ibadan.",Nigeria
5012,OLUWASEYI ADEREMI AJALA,tfMfoRgAAAAJ,Hiroshima University,Japan
5013,Tosin Adebusuyi,hB4UcDUAAAAJ,Augustine University,Uganda
5015,Akinnawo Solomon,piIVObEAAAAJ,"Olusegun Agagu University of Science and Technology, Okitipupa, Nigeria",Nigeria
5017,SIVAKUMAR MANICKAM,AwBg7oh1tkAJ,"Professor of Chemical and Nanopharmaceutical Process Engineering, University Teknologi Brunei",Brunei Darussalam
5018,Dare Enock. O.,H2JCKhYAAAAJ,"Professor of Nanotechnology and Materials, Federal University of Agric. Abeokuta",Portugal
5019,Rasheed Adewale Adigun,BzhOgb0AAAAJ,"Fountain University, Osogbo, Nigeria",Nigeria
5021,Demilade Tunrayo Adedipe,C1R50lwAAAAJ,"Research Student, State Key Laboratory of Marine Pollution and Department of Chemistry, City","Hong Kong SAR, China"
5023,Omolabake Abiodun Okon-Akan,AfWgaEEAAAAJ,Forestry Research Institute of Nigeria,Nigeria
5335,OS Bello,EnOSZYgAAAAJ,"LAUTECH, Ogbomoso. LANDMARK University. Universiti Sains Malaysia",Malaysia
5336,NS Noor,d3ZlJHAAAAAJ,"PhD, Universiti Sains Malaysia",Malaysia
5339,NNSNM Kamal,fYl0CL4AAAAJ,"Department of Toxicology, Advanced Medical and Dental Institute, Universiti Sains Malaysia",Malaysia
5365,OF Obi,v_gG1NcAAAAJ,"University of Nigeria, Nsukka",Nigeria
5389,OO Ayodele,3MfcO8kAAAAJ,University of North Carolina Greensboro,United States
5402,Oluseyi A Akinloye,Kfyke1MAAAAJ,"Professor of Biochemistry and Phytomedicine, Federal University of Agriculture, Abeokuta, Nigeria",Nigeria
5403,Mopelola A Idowu,jsTtTrMAAAAJ,"Professor of Chemistry, Federal University of Agriculture, Abeokuta",Nigeria
5484,Owolabi Mutolib Bankole,Rm7UVxQAAAAJ,"PhD Rhodes University, Adekunle Ajasin University, Akungba, Nelson Mandela University, South Africa",Nigeria
5580,Oluseyi Adeboye Akinloye,Kfyke1MAAAAJ,"Professor of Biochemistry and Phytomedicine, Federal University of Agriculture, Abeokuta, Nigeria",Nigeria
5626,OI Olatoye,bkZ1VYcAAAAJ,"Professor/Consultant, University of Ibadan Nigeria; Adjunct Professor, Sch Global Animal Health",
5627,BO Olugasa,TcvK-EwAAAAJ,"Professor, Veterinary Epidemiology and Public Health Informatics, University of Ibadan, Ibadan",Nigeria
5633,Tanimola Makanjuola AKANDE,DBrd9j0AAAAJ,"University of Ilorin, Ilorin, Nigeria",Nigeria
5635,Adekunle Oyeyemi Adeniyi,5kFEMxn1b_cC,Rutgers University,United States
5742,Nkechi Emmanuella Eneh,kaHntk0AAAAJ,"Department of Public Law, University of Cape Town, South Africa.",South Africa
5795,Chinonyelum Ejimuda,7h43pPoAAAAJ,"PhD Mechanical Engineering, Texas A & M University",United States
5796,Kingsley Okoli,8BdFqLYAAAAJ,"Artificial Intelligence Lab, University of Nigeria Nsukka",China
5802,SOLOMON OLUWOLE AKINOLA,a2BKC-cAAAAJ,"Lecturer of Computer Engineering, Afe Babalola University\n",Nigeria
5874,M Kesheri,weBcmW4AAAAJ,BoiseStateUniversity,
5876,S Kanchan,y5vX4MYAAAAJ,"BoiseStateUniversity, United States",United States
5886,Okafor Enyinaya Stefano,HgsfOk0AAAAJ,Missouri State University,United States
5887,Jacks Boma Sonimiteim,tP6_564AAAAJ,"Research Director SoluSoft Limited, Negiria",United Kingdom
5888,Ajala Olakunle Abayomi,C4VdkBUAAAAJ,"M.Sc., Information Technology Management, Indiana Wesleyan University, USA.",United States
5921,Olorunsogo Temidayo,6A-HNlYAAAAJ,"PhD Student, University of Colorado Boulder",United States
5995,J Wu,mEgQxHwAAAAJ,University of Southern California,United States
6019,Tolulope O Olorunsogo,n3LnSbEAAAAJ,University of Nebraska Medical Center,United States
6025,Nzubechukwu Chukwudum Ohalete,GTUpTUUAAAAJ,"Kennesaw State University, GA, USA",United States
6065,Daniel Raphael Ejike Ewim,YuYkxQ8AAAAJ,The Ohio State University,United States
6066,Ochuko Felix Orikpete,lGBGM7MAAAAJ,"Doctor of Philosophy in Occupational Health and Safety, University of Port Harcourt, Nigeria.",Nigeria
6077,NMA Khan,m-0UkVMAAAAJ,Associate Professor of Management,United States
6108,"Ayodele A. Daniyan, Ph.D.",JTNDsSX5O04C,Obafemi Awolowo University,Nigeria
6109,Bolaji Aremo,_bH_rW0AAAAJ,"Obafemi Awolowo University, Ile-Ife",Nigeria
6115,OS Olaluwoye,F-1eM48AAAAJ,KPMG US,Australia
6137,KUNLE MICHAEL OLUWASEGUN,EJzC78EAAAAJ,Obafemi Awolowo University,Nigeria
6141,Dayo Adeyemi Isadare,w0BearQAAAAJ,"Obafemi Awolowo University, Ile-Ife",Nigeria
6199,Oyebola Olusola Ayeni,x7RHRGsAAAAJ,"Registrar, Lead City University",Nigeria
6200,Nancy Mohd Al Hamad,8QJVko4AAAAJ,"Education and Global Career Development Specialist, Career Counselor, Bridge the Gap",Switzerland
6260,Oluwakemi Mogelola Anyanwu,MwmIk9YAAAAJ,"Lecturer, Department of Educational Management and Business Studies, Federal University Oye-Ekiti",Nigeria
6301,Ramachandran T,WLuslKIAAAAJ,Professor SRMIST,Iran
6453,Zhangyang Qi,kwVLpo8AAAAJ,"PhD Student, University of Hong Kong","Hong Kong SAR, China"
6511,NK Virk,v_h3SNwAAAAJ,K.R. Mangalam University,India
6517,Temiloluwa Scott,nRr7QDMAAAAJ,Durban University of Technology,South Africa
6518,Ochuko Felix Orikpete (PhD),lGBGM7MAAAAJ,"Doctor of Philosophy in Occupational Health and Safety, University of Port Harcourt, Nigeria.",Nigeria
6520,Babawarun Tolu,wXYw4O0AAAAJ,University of South Africa,South Africa
6521,Olanike S Adelakun,AtsPpyMAAAAJ,"Lead City University, Nigeria",Nigeria
6602,O Chidolue,nDcZXQsAAAAJ,Memorial University of Newfoundland,Canada
6603,AV Fafure,9ChLd8AAAAAJ,"PhD student, Kenyatta University",Kenya
6735,ADENIYI IDOWU,6fl7jukAAAAJ,Researcher in Education and Sociology,United States
6805,Moriam Adeyemi Aremu,a6cA4FcAAAAJ,"Professor of Business Administration, Faculty of Management Sciences,Al-Hikmah University",Nigeria
6806,Professor AREMU Mukaila Ayanda,l0mnjNMAAAAJ,"Department of Marketing, Faculty of Management Sciences,University of Ilorin, Nigeria",Nigeria
6807,AJAYI OLUSEYI,pPoYDVAAAAAJ,University of Ibadan,Nigeria
6809,"Kamaldeen Ibraheem Nageri, Ph.D., A...",SUppgqwAAAAJ,"International Senior Lecturer, SEFB, University Utara Malaysia",Malaysia
6819,Oluseyi Ajayi,pPoYDVAAAAAJ,University of Ibadan,Nigeria
6820,Babatunde M Abina,-0CrFqMAAAAJ,Nottingham Trent University,United Kingdom
6861,MA Aremu,l0mnjNMAAAAJ,"Department of Marketing, Faculty of Management Sciences,University of Ilorin, Nigeria",Nigeria
6901,olufemi taiwo,cE6TC1QAAAAJ,"Cornell University, Ithaca, NY USA",United States
6933,"A.C. Eloka-Eboka, PhD",naDrxMYAAAAJ,"Associate Professor, North-West University",South Africa
6934,Sogo Mayokun ABOLARIN,UKhkDeAAAAAJ,"Lecturer and Researcher, Department Engineering Sciences, University of the Free State, South Africa",South Africa
6953,O Ayo-Farai,7laqtJkAAAAJ,Graduate Student Jiann Ping Hsu College of Public Health Georgia Southern University,United States
6954,O Ogundairo,siLWX_kAAAAJ,Louisiana State University,United States
6956,CC Okongwu,-KcJyZAAAAAJ,"University of Lagos, Nigeria",Nigeria
7077,Chinedu Alex Ezeigweneme,4hR9lr4AAAAJ,"Radio Frequency Planning, Sustainable Telecommunications, Project Management , 5G Technologies",United States
7127,Michael Dioha,okNOLCwAAAAJ,"Senior Energy Researcher, Clean Air Task Force",United States
7128,Stephen S. Oyewobi,9Qc6IxwAAAAJ,"Federal University of Technology, Minna, Niger State, Nigeria; University of Pretoria, South Africa",Nigeria
7340,Olatunji Akinrinol,Jr-dcIkAAAAJ,Columbia University,United States
7525,AO Babarinde,SeHaHDgAAAAJ,"Heller School for Social Policy and Management, Brandeis University",United States
7560,OPC Ugwu,HLDjY3QAAAAJ,"Deputy Director Research Kampala International University, Uganda",Uganda
7666,Oluwatosin Ogundairo,siLWX_kAAAAJ,Louisiana State University,United States
7734,Danish Shehzad,l6EAB9MAAAAJ,"Computer Science Department, FAST NUCES, Islamabad",Pakistan
7735,Fawad Nasim,_H7eyFcAAAAJ,Superior University,Pakistan
7736,Dr.Muhammad Afzaal,JYZEDqEAAAAJ,Government College University Lahore,Pakistan
7737,Muhammad Arif,1CUlK8sAAAAJ,"PhD Scholar, School of Computing, University of Glasgow",United Kingdom
7768,Muhammad Sani Aliyu,7Q8mmT8AAAAJ,"Ahmadu Bello University, Zaria",Nigeria
7769,Bello Mukhtar,TlaQe6YAAAAJ,"Department of Chemical Engineering, Ahmadu Bello University, Zaria, Nigeria",Nigeria
8014,Ekhaese Eghosa Noel,Mhp3kg0AAAAJ,"Associate Professor, Therapuetic Architecture and Urban Health, Covenant University",Canada
8041,Babalola Olatunde Daniel,sHjYIBsAAAAJ,"Dept. of Architecture, C. S. T. Covenant University, Canaan Land, Ota, Ogun State, Nigeria",Nigeria
8057,Duong Hoai Lan,FXFB_OcAAAAJ,"Lecturer at Swinburne Vietnam (Danang Campus), FPT University",Viet Nam
8058,Tran Minh Tung,jB77chcAAAAJ,"Director of FSB Danang (FPT School of Business and Technology - FSB), FPT University",Viet Nam
8193,Opeyemi Kolade,v7OMxNMAAAAJ,Doctoral student Ben-Gurion University of the Negev Israel,Israel
8226,Dr. Ugonma Winnie Dozie,LdRWYbsAAAAJ,"Public Health, Federal University of Technology Owerri, Imo State, Nigeria",
8227,Uchechukwu M. Chukwuocha,Fo84icIAAAAJ,"Department of Public Health, Federal University of Technology Owerri,",Nigeria
8228,Chidinma Priscilla Ogbonna,ng4SjZ0AAAAJ,University of Africa Toru-Orua. Bayelsa State of Nigeria,Nigeria
8229,Innocent David Chinaecherem,uqSpo7UAAAAJ,"Graduate Researcher, Federal University of Technology Owerri",Nigeria
8253,Evangel Anyanwu,29OL6VsAAAAJ,University of Nebraska Medical Center,United States
8322,Peter Ohenhen,4anaeSoAAAAJ,"Graduate Teaching Assistant Mechanical Engineering, University of Nebraska-Lincoln",United States
8353,Oluomachi Eunice Ejiofor,-vtt3bQAAAAJ,Information Assurance and security,United States
8414,heeyoul choi,j3ck5XUAAAAJ,Handong Global University,South Korea
8415,Daniela N. Rim,GSoTyKcAAAAJ,Handong Global University,South Korea
8416,Leo Anthony Celi,kssA7YwAAAAJ,Massachusetts Institute of Technology,United States
8417,Robert Mugonza,mpoTcQ0AAAAJ,Mbarara University of Science and Technology,Uganda
8418,"Wilson Tumuhimbise, PhD",IAv8pmkAAAAJ,Mbarara University of Science and Technology,Uganda
8419,Rogers Mwavu,IjWEVLsAAAAJ,Lecturer at Mbarara University of Science and Technology,Uganda
8554,NH Shah,n63DmP8AAAAJ,"Professor of Medicine, and Biomedical Data Science, Stanford University",United States
8650,Janifer Nahar,N2-mbHkAAAAJ,"Graduate Research Assistant, Louisiana State University, Baton Rouge, Louisiana",United States
8713,MD NAZMUL HAQUE,DhI18_oAAAAJ,PhD Researcher,United States
8721,Kollol Sarker Jogesh,bqrhoCIAAAAJ,University of Texas Rio Grande Valley,United States
8732,Md Maruf Rahman,QJuo6i0AAAAJ,"Department of Marketing & Business Analytics, Texas A&M University-Commerce",United States
8736,Mahboob Al Bashar,27Sg_1YAAAAJ,"University of Houston, Texas, USA",United States
8737,Md Abu Taher,vZ9qKPIAAAAJ,University of Houston,United States
8738,Hasib Ahmed,qvxNr8QAAAAJ,Lamar University,United States
8782,Md. Nizam Uddin,XeNxxgYAAAAJ,"Assistant Professor, Texas A & M University-Texarkana, TX",United States
8783,Mohamed Morsy,azdtcBwAAAAJ,Texas A&M University-Texarkana,United States
8784,Mousumi Akter Sathi,4dIKgA8AAAAJ,Stamford University Bangladesh,Bangladesh
8785,MD ISMAIL HOSSAIN,iihwJWsAAAAJ,"Postgraduate Student of Environmental Engineering, Lamar University",United States
8836,Md Miraj Hasan,8w1E0XkAAAAJ,"Graduate Researcher, Management Information Systems, College of Business, Lamar University",Czechia
8911,Annika Mostafa,qQS6QDgAAAAJ,Postgraduate Researcher,United Kingdom
8912,Tanvir Rahman Akash,tK0mPD8AAAAJ,PhD Student at Trine University,United States
8913,Jafrin Reza,aI3jLksAAAAJ,PHD Student at Trine University,United States
8914,MD ASHRAFUL ALAM,zEJDMWsAAAAJ,MBA at Trine University,United States
8917,TR Akash,tK0mPD8AAAAJ,PhD Student at Trine University,United States
8919,Rahi Bikram Thapa,B_7lSCcAAAAJ,"Clinical Pharmacist, Purbanchal University of Allied and Health Sciences",Ghana
8920,Sabin Shrestha,jHF18gkAAAAJ,Manmohan Memorial Institute of Health Sciences,Nepal
8921,Maruf Ahmed Tamal,a1aREWoAAAAJ,Daffodil International University,Bangladesh
8922,Abdus Sattar,DL9nSW4AAAAJ,"Assistant Professor, Department of Computer Science and Engineering, Daffodil International",Bangladesh
8923,Touhid Bhuiyan,5WW6ecAAAAAJ,"Professor of Cyber Security, Washington University of Science and Technology",United Kingdom
9062,A Luz,mpMCh8gAAAAJ,Princeton University,United States
9064,E Frank,VMeF1rTO1IMC,Ladoke Akintola University of Technology,Nigeria
9066,Momotaj FNU,WmDHDw4AAAAJ,"Graduate student of Lamar University, USA",United States
9087,Godwin Olaoye,vfxnj20AAAAJ,Unknown affiliation,Canada
9100,O Joseph,GLUE_doAAAAJ,Professor of Computer Science,Poland
9115,SK Ahmed,51TDMPAAAAAJ,"College of Nursing, University of Raparin, Kurdistan Region, Iraq",Iraq
9116,S Hussein,OCmW944AAAAJ,"Department of Biology, University of Raparin, Kurdistan region, Iraq",Iraq
9117,Karzan Qurbani,rIO6_7sAAAAJ,"Department of Biology, University of Raparin, Kurdistan Region, Iraq.",Iraq
9170,Dr Dharma Khanal,NGWKHjUAAAAJ,"Professor of Pharmacy, Manmohan Memorial Institute of Health Science",Nepal
9171,"Subash Karki, B.Pharm, M.Pharm",cwwnkBcAAAAJ,"Department of Pharmacy, Purbanchal University School of Health Science, Gothgaun, Morang, Nepal",Nepal
9172,Dr. Prasanna Dahal,dZC0v3EAAAAJ,Asst. Prof of Clinical Pharmacy (Purbanchal University),Nepal
9246,S M Habibullah,Do_f1vwAAAAJ,lamar university,United States
9264,Salar Omar Abdulqadir,3b0hoz4AAAAJ,"Assistant lecturer in psychiatric and mental health nursing, University of Raparin",Iraq
9266,Mona Gamal Mohamed,6soYULQAAAAJ,Assistant Professor at RAKMHSU,United Arab Emirates
9267,"Rukhsar Muhammad Omar, PhD",DgwQtQ8AAAAJ,"Department of Kindergarten, Basic Education College, University of Raparin",Iraq
9268,Araz Qadir Abdulla,9XCfyKIAAAAJ,"Department of Nursing, University of Raparin",Iraq
9269,AbdulRahman A Saied,DEbhUrQAAAAJ,"Researcher, MSc",Germany
9270,Rabab Gad Abd El-Kader,6WO2tR8AAAAJ,Associate. Prof. Community Health Nursing,United States
9271,Dr. Md. Rabiul Islam,mUfvHpcAAAAJ,"Associate Professor, School of Pharmacy, BRAC University",Bangladesh
9273,Kochr Ali Mahmood,JGxpMhIAAAAJ,"Lecturer, Faculty of medicine, Koya university, Kurdistan Region, Iraq.",Iraq
9274,Ribwar Arsalan Mohammed,K6tgeUgAAAAJ,"College of Nursing, University of Raparin, Kurdistan Region, Iraq",Iraq
9275,Praveen SV,pEPVitkAAAAJ,"National Institute of Technology, Tiruchirappalli",India
9276,Radhwan H Ibrahim,mPXYFcwAAAAJ,"College of Nursing,Ninevah University",Iraq
9277,Hashim Talib Hashim,7932fPkAAAAJ,"University of Baghdad, College of Medicine",Iraq
9278,Hazhar Blbas,zl0eeJoAAAAJ,"Assistant Professor in Statistics Department, Salahaddin University-Erbil",Iraq
9279,israa Abuijlan,1Zp_aIcAAAAJ,RAKMHSU,United Arab Emirates
9280,"Harapan Harapan, MD",licEekAAAAAJ,"Medical Research Unit, Tropical Diseases Center, Department of Microbiology, Universitas Syiah Kuala",Indonesia
9281,Sirwan K Ahmed,51TDMPAAAAAJ,"College of Nursing, University of Raparin, Kurdistan Region, Iraq",Iraq
9282,Mona G Mohammed,nD4eOzoAAAAJ,Assistant Professor at RAKMHSU,United Arab Emirates
9383,K Dhama,t8ry7EkAAAAJ,"Principal Scientist, Division of Pathology, ICAR-Indian Veterinary Research Institute, Izatnagar",India
9672,Abdulmalik Fareeq,LyH9H0IAAAAJ,"Psychiatric and Mental Health Nursing, College of Nursing, Hawler Medical University, Erbil, Iraq",Iraq
9735,RA Essa,zi6s00MAAAAJ,Suleimani teaching hospital,Pakistan
9766,Rukhsar Muhammad Omar,DgwQtQ8AAAAJ,"Department of Kindergarten, Basic Education College, University of Raparin",Iraq
10038,EAAR Dabou,xhmh8z4AAAAJ,"Faculty of Nursing, Alexandria university, RAK Medical and Health Science University",Egypt
10316,Saman Mohammed Sulaiman,LtiqMqMAAAAJ,"M.Sc.in Biology/ Biology Department/ collage of Science, University of Raparin, Kurdistan,Iraq.",Iraq
10317,Zahra Azizi,8yqG3hUAAAAJ,"Assistant professor , Tehran University of Medical Sciences",Iran
10318,Omid Amiri,mEIDJYAAAAAJ,"Research Center, Cihan University-Sulaimaniya, Sulaimaniya, Kurdistan Region, Iraq",Iraq
10319,Elahe Motevaseli,9Y1njbEAAAAJ,Unknown affiliation,Canada
10375,Haider Hamzah,D9HOYxwAAAAJ,"Professor, College of Science, University of Sulaimani, KRG, Iraq",Iraq
10537,Abdulmalik F Saber,LyH9H0IAAAAJ,"Psychiatric and Mental Health Nursing, College of Nursing, Hawler Medical University, Erbil, Iraq",Iraq
10546,Saman Sulaiman,LtiqMqMAAAAJ,"M.Sc.in Biology/ Biology Department/ collage of Science, University of Raparin, Kurdistan,Iraq.",Iraq
10562,Nian NN Maarof,dZgYEVEAAAAJ,"Lecturer. Chemistry Department, College of Education, University of sulaimani, KRG.IRAQ",Iraq
10656,Vian Afan Naqshbandi,CnwJBqQAAAAJ,"Department of Nursing,Hawler Medical University, Kurdistan Region,Iraq",Iraq
10658,Dara Abdulla Al-Banna,JumNicEAAAAJ,"Department of Nursing, Hawler Medical University, Kurdistan Region, Iraq",Iraq
10659,Sideeq Ali,2ogqxf0AAAAJ,"Department of Nursing, Hawler Medical University, Kurdistan Region, Iraq",Iraq
10660,Dilshad Hamad Musatafa,V_D72gUAAAAJ,Assistant Lecurer,United States
10661,"Aveen Muhsin Asaad, MSc",3fCEU1MAAAAJ,"Asst. lecturer at Erbil Polytechnic University, Koya Technical Institute, Kurdistan Region",Iraq
10664,"Khalat Karwan Fares, Ph.D.",n5gu5JEAAAAJ,"Assistant Professor. at Erbil Polytechnic University, Koya Technical Institute, Midwifery Department",Iraq
10665,Prof. Dr. Samir Y. Lafi,pl0R1SgAAAAJ,"Adult Nursing Branch, College of Nursing, University of Raparin, Kurdistan Region-Iraq",Japan
10666,Sanaa Hassan,s-RtvTIAAAAJ,"Department of Nursing, University of Raparin, Kurdistan Region, Iraq",Iraq
10685,Bootan Hasan Ahmed,_VXd6osAAAAJ,PhD Student,United States
10711,Dawan J. Hawezy,XixfeXUAAAAJ,"Lecturer department of surgery ,faculty of medicine , koya university",Serbia
10728,Handren Murad,ZxAxHScAAAAJ,"Department of Nursing, University of Raparin, Kurdistan Region,Iraq.",Iraq
10732,Barzan Mohammed Ameen,2I5C9EkAAAAJ,"Department of Nursing, University of Raparin, Kurdistan Region, Iraq",Iraq
10733,Arghya Naskar,4pUp4fUAAAAJ,"Senior Research Fellow, University of Calcutta",India
10734,Prof. Dr. Krishnendu Acharya,jXIM9xAAAAAJ,"Department of Botany, University of Calcutta, India",India
10740,Krishnendu Acharya,jXIM9xAAAAAJ,"Department of Botany, University of Calcutta, India",India
10936,Jayesh Rane,EBf3sKoAAAAJ,Assistant Professor at Pillai HOC College of Engineering and Technology,India
10937,Nitin Liladhar Rane,-jyEA9UAAAAJ,Project Evaluator at European Science Foundation (ESF) - World Bank,United States
10940,Saurabh Choudhary,gtDY6ikAAAAJ,Professor of Architecture,Sweden
11216,A Achari,qoe3Fj4AAAAJ,Professor of Architecture,Sweden
11217,SK Mallick,-PPZK7MAAAAJ,"Assistant Professor, Department of Geography @SBSC, University of Delhi",India
11220,F Alshehri,Se6n_DIAAAAJ,Director of Earth Science Remote Sensing Research Chair at King Saud University,Saudi Arabia
11469,R Patra,i-ljuxIAAAAJ,"Graduate Assistant, Louisiana State University",United States
11470,H Sahu,sfUHqTQAAAAJ,"Department of Population Management, Capture and Rehabilitation, Wildlife Institute of India",India
11714,Zhixin Lai,VyNxC-MAAAAJ,Google,Israel
11719,H Lei,-dL2vsQAAAAJ,"Computer Science Engineering, Santa Clara University, Santa Clara, USA",United States
12380,OO Smith,CFolsMwAAAAJ,"Senior Lecturer, Elect/Elect Engineering, Delta State University",
12410,"Titilola Olaide JEJENIWA, MBA, MSC....",eb9yzC8AAAAJ,Assistant Chief Planning Officer,United States
12411,Noluthando Zamanjomane Mhlongo-E...,vO93O6oAAAAJ,"Financial Accountant, City Power",United States
12443,Olubusola Odeyemi,iMYNxH0AAAAJ,Trevecca Nazarene University,United States
12449,Ruchit Parekh,Ab2kOjgAAAAJ,Hofstra University,United States
12456,Gift Adene,7nFqGSAAAAAJ,"Lecturer of Computer Science, Akanu Ibiam Federal Polytechnic, Unwana",Nigeria
12457,Chinedu Mbonu,9u7wJmMAAAAJ,"Lecturer of Computer Science, Nnamdi Azikiwe University Awka, Anambra State Nigeria",Nigeria
12459,Belonwu Tochukwu Sunday,saP7rpwAAAAJ,"Lecturer, Computer Science Department, Nnamdi Azikiwe University",Nigeria
12460,"CHUKWUOGO, Okwuchukwu Ejike",kHPqqmEAAAAJ,"Department of Computer Science, Nnamdi Azikiwe University, Awka, Nigeria.",Nigeria
12461,Samuel Mayowa Alade,r93b6AcAAAAJ,"Lecturer, Computer Science Department , Nnamdi Azikiwe University",Nigeria
12462,Chibuzo Ukegbu,KJKMxsgAAAAJ,Assistant Professor at Milwaukee School of Engineering University,United States
12463,Clement J. C. Ayatalumo,qVNKDbQAAAAJ,Lecturer of Computer Science,Poland
12464,Ziweritin stanley,GPDhiC8AAAAJ,Machine Learning Engineer,Switzerland
12465,Emmanuel Edim,0HH8ticAAAAJ,University of Calabar,Nigeria
12467,Chinedu Emmanuel Mbonu,9u7wJmMAAAAJ,"Lecturer of Computer Science, Nnamdi Azikiwe University Awka, Anambra State Nigeria",Nigeria
12587,Brice Rostan Pinlap,squlY-kAAAAJ,"PhD candidate, University of Yaoundé 1, Faculty of Science, Department of Biochemistry",Cameroon
12588,Paul Keilah LUNGA,YfMhwCUAAAAJ,University of Yaoundé 1,Cameroon
12590,Zeuko'o menkem elisabeth,8m7R0fQAAAAJ,UNIVERSITY OF BUEA,Cameroon
12591,Pierre MKOUNGA,OfytZVsAAAAJ,Département de Chimie Organique Faculté des Sciences Université de Yaoundé 1,Cameroon
12592,"Dr. Pone Kamdem Boniface, PhD",SKvG28UAAAAJ,"University of Sao Paulo, Faculty of Pharmaceutical Sciences, Department of Pharmacy",Brazil
12593,Darline Dize,fltbkGQAAAAJ,PhD candidate at the University of Yaounde 1,Cameroon
12594,Eutrophe Le Doux Kamto,-bPHDY8AAAAJ,"Doctor of Chemistry, University of yaounde1",Serbia
12598,Fabrice Fekam Boyom,MDdkx90AAAAJ,"Professor of Biochemistry, University of Yaounde 1",Cameroon
12624,Mingxuan Zhang,ep1PA3oAAAAJ,Software Engineer at Salesforce,United States
12626,Hanzhe Li,B2rvCUEAAAAJ,New York University,United States
12706,P Liang,JaWHwNcAAAAJ,"Information Systems,Northeastern University,Boston, MA, USA",Mexico
12708,W Ding,XyCgNE0AAAAJ,"Electrical and Computer Engineering,University of Illinois at Urbana-Champaign,Champaign, Illinois,USA",United States
12811,Z Cui,Hjj8yAkAAAAJ,"Software Engineering, Northeastern University, Shanghai, China",China
12812,L Lin,RWGhxdUAAAAJ,"Software Engineering, SunYat-sen University, Shanghai, China",China
12813,Y Zong,FmW6oncAAAAJ,Trine University,United States
12861,Peiyuan Yang,vHQOn98AAAAJ,"Electrical and Computer Engineering, University of Illinois at Urbana-Champaign, USA",United States
12888,C Ni,clEZ5BsAAAAJ,The University of Texas at Dallas,United States
12914,H Zang,azk81b0AAAAJ,Universitario Tecnológico Universitam,Mexico
12939,Zheng Xu,EHfj7CIAAAAJ,stevens institute of technology,United States
13130,Xiangxiang Wang,aOQB4n8AAAAJ,Unknown affiliation,Canada
13131,Jingxiao Tian,vhd_uYUAAAAJ,"Electrical and Computer Engineering, San Diego State University, San Diego, CA, USA",United States
13161,Abd Majid Mohd Isa Prof.Dr.,emC926gAAAAJ,Professor of Education,Iran
13199,Abdul Rahman Bin S Senathirajah,E-_ruDsAAAAJ,INTI International University,Malaysia
13202,R Haque,Ul8H8PwAAAAJ,"Associate Professor MAHSA University, Malaysia",Malaysia
13208,AR bin S Senathirajah,E-_ruDsAAAAJ,INTI International University,Malaysia
13239,N Othman,AkZpr20AAAAJ,Universiti Kebangsaan Malaysia,Malaysia
13266,Majid bin Md. Isa,emC926gAAAAJ,Professor of Education,Iran
13281,S Alainati,RHuIkeYAAAAJ,Associate Professor,United States
13425,MOHD ISA ABD MAJID,emC926gAAAAJ,Professor of Education,Iran
13457,Majid Bin Md Isa,emC926gAAAAJ,Professor of Education,Iran
13462,Md. Mominul Islam,XhCOCkkAAAAJ,"Student, Department of Management Information Systems, Begum Rokeya University, Rangpur.",Bangladesh
13463,Md Noor Uddin Milon,KSN-HT0AAAAJ,"National Board of Revenue, Bangladesh",Bangladesh
13464,Rashed Hossain,N_X2qrwAAAAJ,University of Dhaka,Bangladesh
13465,Lisa Mani,do3IW8gAAAAJ,"Researcher, Shahjalal University of Science and Technology",Bangladesh
13466,MD. Hasibul Hasan,9w5Co88AAAAJ,"Student, Begum Rokeya University,Rangpur.",Bangladesh
13467,Sayim Uddin,-ySJv4UAAAAJ,"Student of Management Information Systems Department,Begum Rokeya University Rangpur.",Bangladesh
13468,Maimuna Khatun,0sGauGYAAAAJ,Student,Sweden
13469,Fisan Shikder,lbaDThQAAAAJ,"Student, Department of Management Information Systems, Begum Rokeya University, Rangpur",Bangladesh
13480,"Habib Zafarullah, PhD",wwE4rY4AAAAJ,"Social & Philosophical Inquiry, University of New England",United States
13481,Somaya Tabassum,bHBPob4AAAAJ,"Lecturer, Begum Rokeya University, Rangpur",Bangladesh
13482,Dr. Md. Rakibul Hoque,3AwQ-8kAAAAJ,"Professor, Department of Management Information Systems, University of Dhaka",Bangladesh
13483,S. M. Ashraful Alam,gEXy7MwAAAAJ,"Assistant Professor, Department of MIS",France
13484,Dr. Yousuf Kamal,3f2mzh4AAAAJ,"Professor, Dept. of Accounting & Information Systems, Dhaka University; PhD student, RMIT",Australia
13498,MMH Sawon,6YEfh6sAAAAJ,"Lecturer, Tourism and Hospitality Management, Daffodil International University, Dhaka-1216",Bangladesh
13499,MN Mia,H4GhUu0AAAAJ,Lecturer,
13512,S Uddin,D-gXDhMAAAAJ,"Student of Management Information Systems Department,Begum Rokeya University Rangpur.",Bangladesh
13555,NAM Noor,yWpAJTwAAAAJ,"Associate Professor, Department of Real Estate, Faculty of Built Environment and Surveying",United States
13668,Xinqi Dong,_8tUq8kAAAAJ,University of Oxford,United Kingdom
13669,Bo Dang,p8nITWsAAAAJ,"Computer Science, San Francisco Bay University, Fremont CA, U.S",United States
13670,Danqing Ma,N-H0PVkAAAAJ,"Computer Science, Stevens Intitude of technology, New Jersey, US",United States
13837,Keqiang Sun,AJ7qJDEAAAAJ,The Chinese University of Hong Kong,"Hong Kong SAR, China"
14019,Neil Shah,Qut69OgAAAAJ,Research Scientist at Snap,Canada
14050,Dr. Niteshkumar Agrawal,DlqrBxsAAAAJ,VJTI Mumbai (Aided Institute of Govt. of Maharashtra),India
14155,FY Lina,qYNmdr4AAAAJ,Daffodil International University,Bangladesh
14351,MJ Sousa,97Rl3QYAAAAJ,ISCTE - IUL,Portugal
14404,NA Othman,mqaXeUcAAAAJ,Universiti Teknikal Malaysia Melaka,Malaysia
14422,Nitin Rane,-jyEA9UAAAAJ,Project Evaluator at European Science Foundation (ESF) - World Bank,United States
14461,Sanjeev Kumar,vZZItAEAAAAJ,School of Hotel Management,Switzerland
14468,Iva Rani Das,ofk8kg4AAAAJ,Daffodil Institute of IT,Bangladesh
14481,Habiba BOUIJIJ,KnwOockAAAAJ,SS Lab ENSIAS Mohammed V University,Morocco
14482,Amine Berqia,d-GhxUgAAAAJ,"Professeur Réseaux, Université Mohammed V de Rabat",Morocco
14520,Md. Alamgir Hossain,P-_d2XsAAAAJ,"Lecturer, Dept. of CSE, State University of Bangladesh",Bangladesh
14521,Md Alimul Haque,UZHsSVwAAAAJ,"Veer Kunwar Singh University, Ara, India",India
14522,Dr. Sultan Ahmad,pEs2w_cAAAAJ,"College of Computer Engineering and Sciences, Prince Sattam Bin Abdulaziz University, Saudi Arabia",Saudi Arabia
14523,Farhana Yasmin,pEF3k38AAAAJ,"Lecturer, Department of Sociology, Dhaka International University, Dhaka-1212, Bangladesh.",Bangladesh
14524,Deepa Sonal,v87pyIIAAAAJ,"Patna Women's College, Patna University, Patna,India",India
14525,jabeen nazeer,VpUygzgAAAAJ,Prince Sattam Bin Abdul Aziz University,Saudi Arabia
14526,Hikmat A. M. Abdeljaber,SZg_rt0AAAAJ,Applied Science Private University - Faculty of Information Technology,Jordan
14527,Ishtiaq Ahammad,NUq-GE4AAAAJ,Lecturer,
14528,Md Imtiaz Ahmed,9dnIUJAAAAAJ,"Gradude Student, University of Winnipeg",Canada
14529,Ali J. Abboud,XFTFrcUAAAAJ,University of Diyala\\ College of Engineering \\ Department of Computer Engineering,Iraq
14530,Dr. Kailash Kumar,HUKyNy0AAAAJ,Saudi Electronic University,Saudi Arabia
14531,Md.Kawsar Ahmed,FY6dHlgAAAAJ,"Lecturer,Department of CSE,Prime University",Bangladesh
14532,Rabeya Sultana,ztGYDLwAAAAJ,"Senior Lecturer, Department of CSE, Prime University",Bangladesh
14534,Tahmid Hasan,pi33BD0AAAAJ,"Lecturer, Dept. of CSE, Prime University",Bangladesh
14535,Senapathy Marisennayya,mPcDakUAAAAJ,"Associate Professor of Rural Development, Wolaita Sodo University,Ethiopia",Ethiopia
14560,Olubunmi A Akinola,Bjyizh8AAAAJ,"Federal University of Agriculture, Abeokuta",Nigeria
14683,Neha Sharma,zN-fpTMAAAAJ,"Faculty, IIIT Una",India
14793,Md. Kawsar Ahmed,FY6dHlgAAAAJ,"Lecturer,Department of CSE,Prime University",Bangladesh
14906,"Dinesh K, Dinesh Karunanidy, K Dines...",s75nKi4AAAAJ,Department of Computer Science and Technology,Indonesia
15002,Dr. Md. Najmul Hossain,iA1XvsIAAAAJ,"Associate Professor, Dept. of EECE, Pabna University of Science and Technology",Bangladesh
15003,Dr. Jungpil Shin,x8__gM4AAAAJ,"Professor of Computer Science and Engineering, University of Aizu",Japan
15004,Dr. Md Abdur Rahim,G-DWPaQAAAAJ,"Associate Professor, Dept. of CSE, Pabna University of Science and Technology",Bangladesh
15106,Md. Mahabub Hossain,qZr9i60AAAAJ,Hajee Mohammad Danesh Science and Technology University,Bangladesh
15107,Dr. Md. Motahar Hossain,ZNrfh5UAAAAJ,"Assistant Professor, Khwaja Yunus Ali University, Sirajganj, Bangladesh",Bangladesh
15109,Md. Anwar Hossain,euhlZmkAAAAJ,"Associate Professor, Dept. of Chemistry, Rajshahi University of Engineering & Technology, Bangladesh",Bangladesh
15110,Md Alimul Haque,UZHsSVwAAAAJ,"Veer Kunwar Singh University, Ara, India",India
15113,Dr. Muhammad Iqbal,--RZ5SgAAAAJ,Assistant Professor at National University of Sciences and Technology,Pakistan
15114,Mohammad Iqbal,2HNpZ1oAAAAJ,"Department of Business Administration, Faculty of Administrative Science, Brawijaya University",Indonesia
15117,Dr. Md. Aminul Islam,uXRZdXcAAAAJ,"Postdoctoral Fellow, ARCEMS, King Fahd University of Petroleum and Minerals (KFUPM), KSA",Saudi Arabia
15118,Mohammad Abid Khan,KaEuQyYAAAAJ,"Professor of Computer Science, University of PeshawarVerified email at uop.edu.pk",Pakistan
15119,Muhammad Asif Khan,kW5jG8UAAAAJ,Universitas Bhayangkara Jakarta Raya,Indonesia
15120,Mumtaz Khan,WBQawCYAAAAJ,"Department of Computer Science, University of Peshawar, Pakistan.",Pakistan
15127,Mukesh Kumar,VxwgyT8AAAAJ,Panjab Uniersity,India
15128,Mahesh Kumar,fbr16ZcAAAAJ,"Professor of Mechanical Engineering, Guru Jambheshwar University of Science and Technology",India
15129,Mohit Kumar,5zbn8FcAAAAJ,"Assistant Professor, NIT Jalandhar",India
15130,Mathava Kumar,Wan6DykAAAAJ,"Department of Civil Engineering, Indian Institute of Technology Madras",India
15131,Muthia Rahman,uC5oMZwAAAAJ,STES Manna wa salwa,Finland
15132,Mohammed Mamunur Rahman,uvBV5SwAAAAJ,Business Development and Technical Manager,Czechia
15135,Md Atiqur Rahman,LwGd5PMAAAAJ,"Research Scholar, Penn State College of Medicine, Penn State University, USA.",United States
15137,Md Asfaqur Rahman,m5MiucMAAAAJ,Lamar University,United States
15138,Mohammad Atikur Rahman,tsnpXoIAAAAJ,"M.Sc. in Electrical Engineering, SFBU; B.Sc. in EEE, RPSU",United States
15139,Md Mahfuzur Rahman,wWTv01wAAAAJ,Southern Arkansas university,United States
15140,Md. Minhazur Rahman,262g8ZgAAAAJ,University of Helsinki,Finland
15141,Md. Mizanur Rahman,PU7dX4EAAAAJ,"Associate Professor, BRAC Business School",Bangladesh
15142,Md. Motiur Rahman,4CtnuZkAAAAJ,"Lecturer, Northern University of Business and Technology Khulna.",Bangladesh
15143,"Md Mahfuzur Rahman",5U4uecMAAAAJ,University of Dhaka,Bangladesh
15144,Mukul Sharma,LMoqmzQAAAAJ,"Professor of Earth Sciences, Dartmouth College",United States
15145,Minaxi Sharma,hbKNZ7MAAAAJ,University of Nottingham Ningbo China,China
15146,Mayank Sharma,iVL5sVAAAAAJ,Forida State University College of Medicine,United States
15148,Minheng Xiao,7FeldbUAAAAJ,"PhD student, The Ohio State University",United States
15150,Mohd Zaki Mohd Yusoff,9tZ2BlkAAAAJ,Universiti Teknologi MARA,Malaysia
15154,Navid Ali Khan,R8k3CugAAAAJ,"Senior Lecturer, Taylor's University",Malaysia
15156,Nasrullah Khan (PhD),8cfDsaYAAAAJ,"Professor of Botany, University of Malakand",Pakistan
15159,Olakunle Ajayi,mQfwpMoAAAAJ,"International school of Management, France.",France
15160,Xiaohui Liu,XmLAuEsAAAAJ,University of Birmingham,United Kingdom
15162,Xu Liu,_09bkMgAAAAJ,"School of Artificial Intelligence, Xidian University",Algeria
15163,Xiaoqing Liu,rUmcbcMAAAAJ,The Hong Kong Polytechnic University,"Hong Kong SAR, China"
15166,Xinyi Liu,Rq7Wa94AAAAJ,"Washington University",Japan
15168,Xiaoyu Liu,0qyOmX8AAAAJ,University of Science and Technology of China,China
15182,Chenglong Li,6kM00LQAAAAJ,"Professor in Artificial Intelligence at Anhui University, Hefei, China",Canada
15189,"Yichuan Wang",MLEXEEQAAAAJ,Northern Arizona University,United States
15190,Yixu Wang,StLkwUsAAAAJ,Peking University,China
15192,Yi Wang,ahfdBnsAAAAJ,"Professor, University of South Carolina",United States
15194,Yuanqing Wang,Njp5EY4AAAAJ,New York University,United States
15195,Yulu Wang,bOuc2RIAAAAJ,Rush University Medical Center,United States
15197,Yusong Wang,lVBDcCUAAAAJ,Tokyo Institute of Technology,Japan
15198,Yanbo Wang,eQPbCj8AAAAJ,Shanghai Jiao Tong University,China
15204,Yi Wu,zRpH-8AAAAAJ,Tsinghua University,China
15211,Yang Xu,tz_pSnwAAAAJ,"Interactive Telecommunications Program, New York University, NY, USA",United States
15212,Yongshun Xu,jJQvElIAAAAJ,"Samsung Neurologica, UMass Lowell",United States
15220,Yining Yang,fbJEK34AAAAJ,Meta,United States
15226,Yilei zhang,MxXi4Q0AAAAJ,University of Canterbury,New Zealand
15233,Yang Zhang,c639WrzDVxwC,Walmart Global Tech,United Kingdom
15234,Yang Zhang,KKr11scAAAAJ,"Department of Health Policy, Vanderbilt University School of Medicine, Nashville, TN, USA",United States
15236,Yihe Zhang,nnWcnHsAAAAJ,"Research Scientist, University of Louisiana at Lafayette",United States
15237,Ye Zhang,jxZn4X4AAAAJ,University of Pittsburgh,United States
15238,Yuwei Zhang,-bjmT4kAAAAJ,Duke University,United States
15240,Youshan Zhang,6f1D9MkAAAAJ,"Assistant Professor, Yeshiva University",United States
15241,Ying Zhang,tbDNsHsAAAAJ,Postdoc at RIKEN,Japan
15242,Yicheng Zhang,X3LwPLAAAAAJ,"Ph.D. candidate at University of California, Riverside",United States
15243,Zecheng Zhang,YoR6V_8AAAAJ,New York University,United States
15244,Yanlin Zhou,MkffGdUAAAAJ,"Senior Machine Learning Engineer/Research Scientist, Samsung Electronics America",
15245,Yiming Zhou,aZU6GuQAAAAJ,htw&Fraunhofer Institute,Germany
15246,Yucheng Zhou,nnbFqRAAAAAJ,University of Macau,"Macao SAR, China"
15254,Zihan Li,PdBw69IAAAAJ,Northeastern University,Mexico
15256,Zhenglin Li,nIOwwPsAAAAJ,"Department of Computer Science and Engineering, Texas A&M University,USA;",United States
15271,Zhibo Zhang,Cb9-xKcAAAAJ,University of New South Wales,Australia
15272,Zhihong Zhang,Ut_E87AAAAAJ,Tsinghua University,China
69,MD Adegbola,nan,"Independent Researcher, UK",United Kingdom
70,AE Adegbola,nan,"Independent Researcher, UK",United Kingdom
532,MW Rao,nan,"Air University Multan, Pakistan",Pakistan
621,BS Jacks,nan,"Independent Researcher, Nigeria, Nigeria",Nigeria
994,OD Olaniyan,nan,"Hepatitis B virus infection among asymptomatic residents of low income community in Ibadan, Southwest, Nigeria",United States
1060,NZ Mhlongo,nan,"City Power, Johannesburg, South Africa",South Africa
1089,OS Joel,nan,"Independent Researcher, Dallas, Texas, USA",United States
1098,EO Itua,nan,"National Agency for Food and Drug Administration and Control (NAFDAC), Edo, Nigeria, Nigeria",Thailand
1114,Olukunle Kolade,nan,"United State Navy, 1200 Navy, Pentagon, Washington, DC, 20350-1200, USA",United States
1133,Olalere Abiodun,nan,"Department of Computer Science\nESPAM Formation University\nCotonou, Benin",Togo
1135,O Smith,nan,"Department of Computer Science\nUniversity of Western Australia.\nCrawley WA 6009, Australia",Australia
1145,Samuel Onimisi Dawodu,nan,"Nigeria Deposit Insurance Corporation, Nigeria, Nigeria",Nigeria
1170,OD Daraojimba,nan,"Department of Information Management, Ahmadu Bello University, Zaria, Nigeria",Nigeria
1187,OH Daraojimba,nan,"Department of Information Management, Ahmadu Bello University, Zaria, Nigeria",Nigeria
1194,HNN Naiho,nan,"Independent Researcher, New York, USA, United States",United States
1275,OO Adekoya,nan,"Nigeria LNG Ltd, Bonny Island, Rivers State Nigeria. ",Nigeria
1292,UI Nnaomah,nan,"Independent Consultant, Nigeria, Nigeria",Nigeria
1394,IS Adeniyi,nan,"Department of Sociology, University of Ibadan, Ibadan, Nigeria",Nigeria
1428,Blessed Afeyokalo Egbokhaebho,nan,"Independent Researcher, UK, United Kingdom",United Kingdom
1464,C Onwumere,nan,"Abia State University Teaching Hospital, Aba. (ABSUTH), Nigeria. ",Nigeria
1473,Joachim Osheyor Gidiagba,nan,"University of Johannesburg, South Africa., South Africa",South Africa
1525,Obe Destiny Balogun,nan,"Independent Researcher, Lima Ohio, USA.",United States
1534,CE Okoli,nan,"Independent Researcher, Lagos, Nigeria, Nigeria",Nigeria
1670,OJ Ugwu,nan,"Ebonyi State University, Abakaliki Nigeria.",Nigeria
1673,OP Godwins,nan,"Department of Nutrition and Health, Intervention Strategy for Nutritional Health Initiative, Abuja, Nigeria.",Nigeria
1731,Ojamalia Priscilla Godwins,nan,"Department of Nutrition & Health, Intervention Strategy for Nutritional Health Initiative, Abuja, Nigeria.",Nigeria
1765,Chinedu Nnamdi Nwasike,nan,"Independent Researcher, Nigeria",Nigeria
1882,Adedoyin Tolulope Oyewole,nan,"Independent Researcher, Athens Georgia, USA, United States\n",United States
1916,TT Labake,nan,"Independent Researcher, Sheffield, UK, United Kingdom",United Kingdom
1919,Shedrack Onwusinkwue,nan,"Department of Physics, University of Benin, Nigeria, Nigeria",Nigeria
1976,Nwakamma Ninduwesuor-Ehiobu,nan,"FieldCore Canada, part of GE Vernova. Canada.",United States
2038,NI bin Mohd Nor,nan,"Graduate School of Business (GSB), University Tun Abdul Razak (UNIRAZAK), Malaysia",Malaysia
2102,MU Arshad,nan,Wuhan University,China
2140,Ololade Elizabeth Adewusi,nan,"Independent Researcher, United Kingdom.",United Kingdom
2142,B Osawaru,nan,"International School, Benin City, Edo State, Nigeria ",Nigeria
2145,OC Obi,nan,"Independent Researcher, Lagos, Nigeria",Nigeria
2315,Njideka Maryann Okeke,nan,"Department of Social Studies Education, Nwafor Orizu College of Education Anambra state Nigeria",Nigeria
2386,Oluwatobi Timothy Soyombo,nan,"Havenhill Synergy Limited, Nigeria, Nigeria",Nigeria
2392,Omotoya Bukola Adeoye,nan,"Independent Researcher, Chicago USA",United States
2476,Muhammad Ali,nan,Al Madinah International University,Malaysia
2497,OA Adigun,nan,"Ecobank Nigeria Limited, Nigeria. ",Nigeria
2565,RE Daraojimba,nan,"Department of Business Administration, Ahmadu Bello University, Zaria, Nigeria, Nigeria",Nigeria
2609,Noluthando Mhlongo,nan,"City Power, Johannesburg, South Africa",South Africa
2610,PU Uwaoma,nan,"Department of Finance, Hult International Business School, Boston, USA, United States",United States
2641,Zongren Li,nan,301 Hospital,China
2756,MRA Nur,nan,Raharja University,Indonesia
2989,MA Salah,nan,"Department of Chemistry, University of Agriculture, Faisalabad, 38000, Pakistan",Pakistan
3017,Mohsin Raza Zafar,nan,Deputy Manager National Transmission and Dispatch Company Multan,Belgium
3019,MMA Khan,nan,MS Scholar Universities Islam International Indonesia,Indonesia
3050,OC Emmanuel,nan,"Department of Financial Management Technology, Federal University of Technology Owerri, Imo State, Nigeria",Nigeria
3055,Olulade Kehinde Adeleke,nan,"Department of Business Administration, Ekiti State University,\nAdo Ekiti, Ekiti State. ",Nigeria
3065,OO Emmanuel,nan,"Department of Accounting, Afe Babalola University, Ado-Ekiti, Ekiti State, Nigeria.",Nigeria
3463,MMA Zeina,nan,"\nHotel Studies Department, Faculty of Tourism and Hotels, Suez Canal University, Ismailia 41522, Egypt",Egypt
3509,M Zeina,nan,"\nHotel Studies Department, Faculty of Tourism and Hotels, Suez Canal University, Ismailia 41522, Egypt",Egypt
3530,N Mohammed Ali Saleh,nan,"Assistant Professor of Nursing Administration, Faculty of Nursing, Sohag University, Egypt",Ghana
3564,MG Moreira,nan,"Centro de Ciências Naturais e Exatas (CCSH, UFSM), Programa de Pós-graduação em Administração, Universidade Federal de Santa Maria, Santa Maria, Brazil",Brazil
3824,Omowale A. Odeyemi,nan,"\nCollege of Nursing, Obafemi Awolowo University Teaching Hospital Complex, Ile Ife 220005, Osun, Nigeria",Nigeria
4251,Gbenga Sheriff Adeleke,nan,"Independent Researcher, Lagos, Nigeria",Nigeria
4277,Oluwaseun Aaron Adigun,nan,"Ecobank Nigeria Limited, Nigeria. ",Nigeria
4280,Olajumoke Oluwagbemisola Ajayi,nan," College of Business, Auburn University, USA",United States
4358,OP Ayodele,nan,"Department of Civil Engineering, Faculty of Engineering and Technology, Ladoke Akintola University of Technology, Ogbomoso, Oyo State, Nigeria",Nigeria
4911,OD Olagunju,nan,"Department of Project Management, Northeastern University, Portland USA.",United States
5045,Okon-Akan Omolabake Abiodun,nan,"\nForestry Research Institute of Nigeria, Ibadan, Nigeria",Nigeria
5118,Kiran Aziz,nan,"Department of Botany, Ghazi University, Dera Ghazi Khan, Pakistan",Pakistan
5171,NTM Nguyen,nan,"Department of Environmental Health, Faculty of Public Health, Haiphong University of Medicine & Pharmacy, 72A Nguyen Binh Khiem, Ngo Quyen, Hai Phong, Viet Nam",Viet Nam
5179,Olusola Muritala Adeniyi,nan,"Department of Chemistry, College of Physical Sciences, Federal University of Agriculture, Abeokuta, Nigeria",Nigeria
5334,Oluwatosin Stephen Ajayi,nan,"Department of Pure and Applied Chemistry, Ladoke Akintola University of Technology, Ogbomoso, P.M.B. 4000, Nigeria",Nigeria
5417,NT Nguyen,nan,"Queensland Micro and Nanotechnology Centre, Griffith University, 170 Kessels Road, Nathan, QLD 4111, Australia",France
5453,Bhupinder Singh,nan,"Sharda University, India",India
5466,Najlaa Jerjack Abdullah,nan,Najlaa Jerjack Abdullah,Turkiye
5634,Jeremiah Olawumi Arowoogun,nan,"University of Ibadan, Nigeria",Nigeria
5728,MP Yadav,nan,"Assistant Professor, School of Business Management, Noida International University, Greater\nNoida, Uttar Pradesh, India",India
5778,Olutayo Ifedayo Ajayi,nan,"Department of Physiology, School of Basic Medical Sciences, College of Medical Sciences, University of Benin, Edo State, Nigeria",China
5894,Ofodile Onyeka Chrisanctus,nan,"Sanctus Maris Concepts, Nigeria Ltd",Italy
5899,Ofodil Onyeka Chrisanctus,nan,"Sanctus Maris Concepts, Nigeria Ltd",Italy
6020,Christian Kaunert,nan,"Dublin City University, Ireland",Ireland
6069,N Ninduwesuor-Ehiobu,nan,"FieldCore Canada, part of GE Vernova. Canada.",United States
6123,Obinna Arize Ufoaro,nan,"Department of Economics Education, Nwafor Orizu College of Education, Nsugbe, Nigeria",Nigeria
6134,OE Bello,nan,"Department of Materials Science and Engineering, Obafemi Awolowo University, Ile-Ife, Nigeria",Nigeria
6157,OA Ufoaro,nan,"Department of Economics Education, Nwafor Orizu College of Education, Nsugbe, Nigeria",Nigeria
6220,Chika Chioma Unachukwu,nan," Lagos State Ministry of Education, Lagos, Nigeria, Nigeria",Nigeria
6245,MF Talib,nan,"The Islamia University, Bahawalpur, Punjab, Pakistan.",Pakistan
6381,Sarah Kuzankah Ewuga,nan,"Independent Researcher, Abuja, Nigeria",Nigeria
6660,Onyebuchi Nneamaka Chisom,nan,"National Examinations Council (NECO), Nigeria",Nigeria
6677,Onyebuchi Nneamaka Chisom,nan,"National Examinations Council (NECO), Nigeria",Nigeria
6694,Olusegun A Olagunju,nan,"Department of Environmental Management, Federal University of Technology Owerri (FUTO), Nigeria",Nigeria
6733,MK Al Mansoori,nan,United Arab Emirates University,United Arab Emirates
6938,Njideka Maryanne Okeke,nan,"Department of Social Studies Education, Nwafor Orizu College of Education Anambra state Nigeria",Nigeria
7099,O.T Enabor,nan,"Department of Electrical Engineering, University of Johannesburg, South Africa.",South Africa
7126,Oseluole Tobi Enabor,nan,"Department of Electrical and Electronics Engineering, University of Johannesburg, South Africa.",South Africa
7429,Onwusameka Sonny Ogbowuokara,nan,"Centre for Occupational Health, Safety and Environment (COHSE), University of Port Harcourt, Choba, Rivers State, Nigeria.",Nigeria
7499,OLY Momoh,nan," Centre for Occupational Health, Safety and Environment, University of Port Harcourt PMB 5323 Choba, Rivers State, Nigeria",Nigeria
7526,O Sodamade,nan," Africa Voices HQ, Nigeria.",United States
7534,OT Sodamade,nan,"Africa Voices HQ, Nigeria",United States
7559,Obe Destiny Balogun,nan,"Independent Researcher, Lima Ohio, USA.",United States
7565,MG USHA,nan,"Ph.D., Research Scholar,Department of Economics, Thiruvalluvar University ",India
7756,Muhammad Rehman,nan,"Department of Computer Science\nSuperior University\nLahore, Pakistan",Pakistan
7949,Oluwaseyi Paul Olaniyan,nan,"Genomics Unit, Helix Biogen Institute, Ogbomoso, Oyo State, Nigeria\nDepartment of Pure and Applied Biology, Microbiology Unit, Ladoke Akintola University of Technology, Ogbomoso, Oyo State, Nigeria",Nigeria
7982,Oluseyi Rotimi Taiwo,nan," Division of Vaccine Design and Development, Helix Biogen Institute, Ogbomoso, Oyo State, Nigeria; Microbiology Department, Clemson University, South Carolina, United States",Nigeria
8001,Olanrewaju D Oyelakin,nan,"Division of Vaccine Design and Development, Helix Biogen Institute, Ogbomoso, Oyo State, Nigeria",Nigeria
8060,M Gayas Perez,nan,"School of Graduate Studies, Biliran Province State University, Naval, Biliran Province, Philippines",Philippines
8373,Olaniyi Olufemi Kolade,nan,"Daracom Integrated Ventures Limited, Nigeria",Nigeria
8394,Oladapo Faworaja,nan,"Booth School of Business, University of Chicago, IL, USA.",United States
8897,MK Patel,nan,"Health Services Administration and Policy\nTemple University College of Public Health\nPhiladelphia, PA, USA",United States
9086,Harold Jonathan,nan,Orlando Medical Institute,United States
9287,Mohammad E Ur Rehman,nan,"Department of Medicine, Rawalpindi Medical University, Rawalpindi, Pakistan",Pakistan
9394,Othman Abu Hassan,nan,"Universiti Malaysia Pahang, Malaysia",Malaysia
9607,M Koen,nan,"NuMIQ Research Focus Area, School of Nursing, Faculty of Health Sciences, North West University Mahikeng campus, Private Bag X2046, Mmabatho, Mafikeng, 2745, South Africa",Saudi Arabia
9608,M Matsipane,nan,"NuMIQ Research Focus Area, School of Nursing, Faculty of Health Sciences, North West University Mahikeng campus, Private Bag X2046, Mmabatho, Mafikeng, 2745, South Africa",Saudi Arabia
9635,MP Koen,nan,"NuMIQ Research Focus Area, School of Nursing, Faculty of Health Sciences, North West University Mahikeng campus, Private Bag X2046 Mmabatho 2745, Mafikeng, South Africa",Saudi Arabia
9636,MJ Matsipane,nan,"NuMIQ Research Focus Area, School of Nursing, Faculty of Health Sciences, North West University Mahikeng campus, Private Bag X2046, Mmabatho, Mafikeng, 2745, South Africa",Saudi Arabia
9770,D Chandran,nan,"Department of Animal Husbandry, Government of Kerala, Thiruvananthapuram, Kerala, India",India
10498,Marium Zafar,nan,"Department of  Zoology, Faculty of Life Sciences, University of Okara, Okara, Pakistan ",Pakistan
10525,Kareem Fattah Aziz,nan,"\tDepartment of Community Nursing, College of Nursing, Hawler Medical University",Japan
10610,Omed Hassan,nan,"Central Laboratory of Ranya General Hospital, Rania, Kurdistan Region, Iraq",Bulgaria
10670,M Patel,nan,"Molecular and Cytogenetics Department, Sterling Accuris Diagnostics, Ahmedabad, Gujarat, India",South Africa
11140,N Salim,nan,UIN Sunan Kalijaga,Indonesia
11147,Ayeni Naomi O,nan,"University of lbadan, Nigeria",Nigeria
11218,CB Pande,nan,"New Era and Development in CivilEngineering Research Group, Scientific Research Center, Al-Ayen University, Thi-Qar, Nasiriyah, Iraq;",Iraq
11447,MR Rao,nan,"Department of Information Technology, Seshadri Rao Gudlavalleru Engineering College, Andhra Pradesh, India",India
11526,NFA Bakar,nan,"School of Chemical Engineering, College of Engineering, Universiti Teknologi MARA, 40450, Shah Alam, Selangor, Malaysia",Malaysia
11551,MDM Othman,nan,"Department of agriculture, Faculty of Agriculture and Veterinary Medicine, Thamar University",Japan
11552,MS Yahya,nan,"Department of Chemistry, Faculty of Education, Hodeidah University, Hodeidah, Yemen",Yemen
12518,N Ijeoma,nan,"Department of Community Medicine and Public Health Abia state university teaching hospital, Aba, Nigeria.",Nigeria
12527,MK Kim,nan,"School of Energy Systems Engineering\nChung-Ang University\nSeoul, South Korea",South Korea
12586,Oluwatobi Timothy Soyomb,nan,"Havenhill Synergy Limited, Nigeria.",Nigeria
12699,Wenran Lu,nan,University of Texas at Austin,United States
12805,Yanlin Zhou,nan,"Computer Science, Johns Hopkins University,Baltimore,USA",United States
12814,Yi Zhou,nan," Institute of Deep Perception Technology, JITRI",China
12986,Yong Wang,nan,"Information Technology, University of Aberdeen, Aberdeen, UnitedKingdom",United Kingdom
13003,Oluwole Stephen Akintoye,nan,"Sam Houston State University, USA",United States
13290,NH Abdul Rahman,nan,"Centre for Language Studies & Generic Development, Universiti Malaysia Kelantan, Kelantan, Malaysia",Malaysia
13410,NKM Ali,nan,Seremban District Health Office,Malaysia
13541,M Usha,nan,"Department of Masters in Computer Application, MEASI Institute of Information Technology, Chennai, Tamilnadu, India",India
13699,Mingxuan Xiao,nan,"Computer Science, SouthWest JiaoTong University, Chengdu, Sichuan, China",China
13748,Zongqing Qi,nan,"Computer Science, Stevens Institute of Technology, Hoboken, NJ, US",United States
13814,Ye Zhang,nan,University of Pittsburgh,United States
14027,M Salah,nan,"Department of Transportation Engineering, Alexandria University, Egypt",Egypt
14169,MS Kim,nan,"Department of Business Administration, Kangwon National University",South Korea
14378,MDS Kumar,nan,"Computer Science and Engineering B.M.S. College of Engineering, Bengaluru, India",India
14808,MR Rahman,nan,"Department of Computer Science and Engineering, Prime University, Dhaka, Bangladesh",Bangladesh
14855,Md. Mominur Rahman,nan,"Department of Computer Science and Engineering\nPrime University\nDhaka, Bangladesh",Bangladesh
15105,Mansur Hidayat,nan,IAIN Kudus,Indonesia
15116,Md.Ariful Islam,nan,Pabna University of Science and Technology,Bangladesh
15134,Md. Ashikur Rahman Khan,nan,"Department of Information and Communication Engineering, Noakhali Science and Technology University, Noakhali, 3814, Bangladesh",Bangladesh
15147,Mohammed Usman,nan,"Department of Management
\nCollege of Economics
\nManagement and Information Systems, University of Nizwa, Sultanate of Oman",Oman
15149,"Marina Yusoff
\n",nan,Associate Professor of Computer and Mathematical Sciences at the Universiti Teknologi MARA.,Malaysia
15151,Meng Zhang,nan,"School of Resources and Environment, Northeast Agricultural University, Heilongjiang Province 150030, PR China",China
15152,Norazlina Abdullah,nan,Sultan Zainal Abidin University,Malaysia
15155,Nishat Khan,nan,"Environmental Research Laboratory, Department of Chemistry, Faculty of Science, Aligarh Muslim University, Aligarh 202002, Uttar Pradesh, India",India
15165,Xiang Liu,nan,"Department of Health Behavior and Social Medicine, West China School of Public Health and West China Fourth Hospital, Sichuan University, Chengdu, Sichuan, China",China
15167,Xinqi Liu,nan,"Carnegie Mellon University, United State",United States
15170,Xiqing Liu,nan,"Columbia University,New York,USA",United States
15171,Yuanyuan Li,nan,"Department of Education Information Technology, Faculty of Education, East China Normal University, Shanghai, China",China
15172,Yanbin Li,nan,"School of Economic and Management, North China Electric Power University, Beijing, 102206, China",China
15173,Yanhong Li,nan,"College of Environmental Science and Engineering, Guilin University of Technology, Guilin, 541004, China
\nGuangxi Key Laboratory of Environmental Pollution Control Theory and Technology, Guilin, 541004, China
\n",China
15174,Yun Li,nan,"
\nSchool of Information Engineering, Yangzhou University, Yangzhou 225012, China",China
15175,Yuwei Li,nan,"\nSchool of Public Health (Shenzhen), Sun Yat-sen University, Shenzhen 518107, China",China
15176,Yanhong Li,nan,"College of Environmental Science and Engineering, Guilin University of Technology, Guilin, 541006, China",China
15177,Yajun Li,nan,"Key Lab of Heat Transfer Enhancement and Energy Conservation of Education Ministry, School of Chemistry and Chemical Engineering, South China University of Technology, Guangzhou, Guangdong Province, China",China
15178,Yufeng Li,nan,"University of Southampton, Southampton, UK",United Kingdom
15179,Yuhang Li,nan,Northeastern University,Mexico
15181,Yang Li,nan,"School of Electronics and Information Engineering, Changchun University of Science and Technology, Changchun, China",China
15183,Yichen Wang,nan,"
\nShenzhen International Graduate School, Tsinghua University, Shenzhen 518055, China",China
15184,Youguo Wang,nan,"School of Management Engineering, Qingdao University of Technology, Qingdao, 266000, China",China
15185,Yiyi Wang,nan,"Department of Psychology, University of Toronto",Canada
15186,Yaping Wang,nan,"Department of Nursing, Shenzhen Eye Institute, Shenzhen Eye Hospital, Jinan University, Shenzhen, Guangdong Province, China",China
15187,Yan Wang,nan,"State Grid Nanjing Power Supply Company, Nanjing, China",China
15188,Yaqi Wang,nan,"School of Economics and Management, Xinjiang University, Urumqi 830046, China
\nStrategy and Decision-making Research Center of Xinjiang Energy Carbon Neutrality, Xinjiang University, Urumqi 830046, China",China
15193,Yuting Wang,nan,"FASTTEK GLOBAL, Livonia, USA",United States
15196,Yinghua Wang,nan,"
\nFaculty of Education, Northeast Normal University, Changchun 130024, China",China
15199,Yue Wang,nan,"Independent Researcher, Mexico City, Mexico 06500",Mexico
15200,Ying Wu,nan,"Bentley University, Waltham, MA 02452, United States",United States
15201,Yixuan Wu,nan,"School of Electronics and Information, Northwestern Polytechnical University,
\nXi’an, China",China
15202,Yingying Wu,nan,"Department of Hepatopancreatobiliary Surgery, The First Affiliated Hospital & Center for Molecular Imaging Probe & Hunan Engineering Research Center for Early Diagnosis and Treatment of Liver Cancer, Cancer Research Institute, Hengyang Medical School, University of South China, Hengyang, Hunan 421001, China",China
15203,Yanfang Wu,nan,"Palm Eco-Town Development Co., Ltd., Zhengzhou 450000, China",China
15205,Yunna Wu,nan,"Beijing Key Laboratory of New Energy and Low-Carbon Development, North China Electric Power University, Beijing 102206, China",China
15207,Yang Wu,nan,"Accounting School, Tongling University, Tongling City, Anhui Province 244000, China",China
15208,Yue Wu,nan,"San Francisco Bay University
\nSan Francisco, USA",United States
15210,Yi Xu,nan,"Department of the finance and assets, Chongqing City Vocational College, Chongqing, China, 402160",China
15213,Yifei Yang,nan,"
\nShenzhen International Graduate School, Tsinghua University, Shenzhen 518055, China",China
15214,Yalun Yang,nan,"College of Chemistry and Chemical Engineering, Qiqihar University, Qiqihar, 161006, China",China
15215,Yunge Yang,nan,"Key Lab of Film and TV Media Technology of Zhejiang Province
\nCollege of Media Engineering
\nCommunication University of Zhejiang, Hangzhou, China",China
15216,Yunqi Yang,nan,"Institute of Management of Technology, National Yang Ming Chiao Tuing University, Hsinchu 300, Taiwan",China
15218,Yuanfang Yang,nan,"Southern Methodist University, Lyle School of Engineering, USA",United States
15219,Yue Yang,nan,"Department of Data Science
\nNorthwestern University
\n37710 Spring Tide Road,Newark,CA,USA",United States
15221,Yuanfang Yang,nan,"Southern Methodist University, Dallas, USA",United States
15222,Yu Yang,nan,"College of Information Engineering, Chinese People’s Armed Police Force Engineering University, Xi’an 710086, China",China
15223,Yingqiang Zhang,nan,"Department of Clinical Research, The 903rd Hospital of PLA, Hangzhou, China
\n
\nSchool of Laboratory Medicine, Bengbu Medical College, Bengbu, China",China
15224,Yang Zhang,nan,"Guangzhou Power Supply Bureau , Tianhe South 2nd Road, Tianhe District, Guangzhou , 510620 , Guangdong , China ",China
15227,Ying Zhang,nan,"School of Resources and Environment, Northeast Agricultural University, Heilongjiang Province 150030, PR China",China
15228,Yunfeng Zhang,nan,"Faculty of Languages and Translation, Macao Polytechnique University, China",Egypt
15229,Yingqing Zhang,nan,"Department of Respiration, Affiliated Hospital of Jiaxing University, Jiaxing, China",China
15230,Yakang Zhang,nan,Columbia University,United States
15231,Yu Zhang,nan,"School of Geodesy and Geomatics, Collaborative Innovation Center for Geospatial Technology, Wuhan University, Wuhan 430079, China
\n
\nKey Laboratory of Geospace Environment and Geodesy, Ministry of Education, Wuhan 430079, China",China
15232,Yuchen Zhang,nan,Biostatistics,United Kingdom
15235,Yiqian Zhang,nan,"State Key Laboratory of Biotherapy, West China Hospital, China",China
15239,Yihan Zhang,nan,"University of Illinois Urbana-Champaign, Urbana, USA",United States
15247,Yan Zhou,nan,"Northeastern University San Jose, San Jose, California, 95131, United States",United States
15249,Zhen Huang,nan,"South China Normal University, Guangzhou, Guangdong, China",China
15250,Zhibin Lai,nan,"Key Lab of Heat Transfer Enhancement and Energy Conservation of Education Ministry, School of Chemistry and Chemical Engineering, South China University of Technology, Guangzhou, Guangdong Province, China",China
15251,Zhenzu Li,nan,"Guangzhou Yuezhu Technology Co., LTD, Guangzhou, 510510, China",China
15252,Zhi Li,nan,"Independent Researcher, China",China
15253,Zhenfeng Li,nan,"School of Mechanical-Electronic and Vehicle Engineering, Beijing University of Civil Engineering and Architecture, Beijing 102616, China",China
15255,Zheng Li,nan,"College of Creative Arts, Universiti Teknologi MARA, Kedah, Malaysia, 08400",Malaysia
15257,Zhengning Li,nan,"Computer Science, Georgetown University, Washington, D.C. USA",United States
15259,Zichao Li,nan,"Canoakbit Alliance Inc., Oakville, Canada",Canada
15260,Zhuoying L,nan,Johns Hopkins University ,United States
15261,Zizheng Li,nan,"National Higher School of
\nAdvanced Techniques (ENSTA)
\nParis, France",France
15262,Zhengping Li,nan,"School of Information, North China University of Technology, Beijing, China",China
15263,Zhenlian Qi,nan,"Computer Science, Stevens Institute of Technology, Hoboken, NJ, US",United States
15264,Zhiwei Xu,nan,"Open Source Institute, Faculty of Science and Technology, University of Canberra",Australia
15265,Zhenting Xu,nan,"Business School, Qingdao University of Technology, Qingdao 266520, PRChina",China
15266,Zhihao Xu,nan,"University of Illinois Urbana-Champaign, Urbana, USA",United States
15267,Zehan Zhang,nan,"School of Public Health, Weifang Medical University, Weifang, China",China
15268,Zeyi Zhang,nan,"School of Geodesy and Geomatics, Collaborative Innovation Center for Geospatial Technology, Wuhan University, Wuhan 430079, China
\n
\nKey Laboratory of Geospace Environment and Geodesy, Ministry of Education, Wuhan 430079, China",China
15269,Zixiang Zhang,nan,Erasmus University Rotterdam,Netherlands
15270,Zhichao Zhang,nan,"Faculty of Computing, Harbin Institute of Technology, Harbin, China",China
15274,Shiyun Li,nan,"School of Finance, Nanjing University of Finance and Economics, Nanjing, 210023, China",China
15275,Shuo Li,nan,"College of Chemistry and Chemical Engineering, Qiqihar University, Qiqihar, 161006, China",China
15276,Siyang Li,nan,"Financial Econometrics, Johns Hopkins University, DC, USA",United States
